gene	score
TP53	0.005321953505708562
CTNNB1	0.004531007412108968
HRAS	0.0037828742858231545
EP300	0.0036657849983935745
RAC1	0.003292709193437148
KRAS	0.0030043985665522297
NRAS	0.0025695749372884567
MAPK1	0.0025465368486805584
PIK3CA	0.0024315467927563247
CDC42	0.0023038100762425287
SMAD4	0.0022616761215170796
PTEN	0.0021848924172540585
SMARCA4	0.002180588399061531
PTPN11	0.0021639860488011056
CREBBP	0.0021187913489641615
POLR2A	0.00202449840858181
STX1A	0.002013939996179083
INS	0.001899330459479637
ATM	0.0018806177144311416
CTBP1	0.001781114672239577
NOTCH1	0.0017676779240512672
PPP2CA	0.0017376455474703049
SNCA	0.0017311805925838684
RAF1	0.0017293954447991794
MECP2	0.0016925934704101412
GNB1	0.0016690637211099798
VCP	0.001655105708400017
EPRS1	0.0016389535074009685
AGO2	0.001621008800139048
SOS1	0.001620763953168833
ACOX1	0.0016167120875532795
AP2M1	0.0016040877337515195
AR	0.0015674941805606192
CBL	0.0015607150220586536
GOT2	0.001559049508112596
APP	0.0015505183963273005
PAK1	0.0015473643393413364
ACTB	0.0015341648474692061
STAT3	0.0015255209918100076
RB1	0.0014904284801584135
AGRN	0.0014903893863152235
EZH2	0.001489555418724276
VAMP2	0.0014886432519524832
KDM1A	0.0014881379664966126
GDI1	0.001484844290305119
DPM2	0.0014803004095658475
MAPT	0.001479597458329929
YARS1	0.0014450444821159268
DLD	0.001439239193193362
ATP5F1A	0.001436266796601901
UQCRFS1	0.0014327574628350763
AGO1	0.001420871769383054
RNF2	0.0014097200911494547
GPHN	0.0014023823923964983
DAG1	0.0013936231719034844
PPP2R5D	0.0013882764043599985
TUBA1A	0.0013671698466436388
YWHAE	0.0013562959233488052
EIF4G1	0.0013554735641069834
ACTA1	0.0013546122279089483
SIN3A	0.001340843092927599
CAMK2A	0.0013346762761758705
CHMP2B	0.0013344928230680315
PINK1	0.0013201567797327069
GNAI1	0.0013094420385020339
EIF2S3	0.0013045058968457564
TGFB1	0.0012982137332427943
GLI2	0.0012913025278739364
PPP2R1A	0.0012814995063582285
SNAP25	0.0012793002927290436
MAP2K1	0.0012771524617982914
SHH	0.0012676963927720543
MTOR	0.0012649334218080204
TBP	0.001262757328717065
DNM1	0.0012590944541828355
POLD1	0.001246076221279894
ALDH3A2	0.0012438755761669837
PARK7	0.001236178473091358
GRIA2	0.0012339277332375528
RPS23	0.001229266369195109
MSH2	0.0012204699843393096
HSPG2	0.0012167973443186798
BDNF	0.0012143830043156005
ERCC1	0.0012112813321559115
HTT	0.0012097019830285352
SOX10	0.0012045948295914366
NDUFS2	0.0012035069758709652
ASPM	0.0012003517830038266
DPM1	0.0012000866525362344
HNRNPC	0.0011981561838877034
CAMK2B	0.001183805078682551
STX5	0.0011760636317390129
PSEN1	0.0011692165321493773
RBPJ	0.0011624276151682318
GRIN2B	0.0011592556695654572
COL1A2	0.0011540371818728704
LRAT	0.0011492620258058471
HSPD1	0.0011437462363508458
CACNA1C	0.0011404957303781796
NDUFS3	0.0011391179999065992
ITPR1	0.001138188822386209
PRKN	0.0011364689082186718
HADHB	0.001134366781951416
MSH6	0.0011269530319653496
COX5A	0.001124612303744603
EDN1	0.0011229522677001118
COL1A1	0.001117733765631729
STXBP1	0.0011173803885644797
KIF11	0.0011121229619216603
DMD	0.001112088689399604
ARF1	0.001108200295506758
CAMK2G	0.0011032494644792128
H4C5	0.0010994311290960462
TUBB2B	0.0010947948595964178
ARID1A	0.0010924271601921065
ADK	0.0010914951443815747
NDUFA13	0.0010851579887087089
ENTPD1	0.0010844210327743391
ECHS1	0.0010828835291867766
MAG	0.0010816527249068015
MARS1	0.0010810514700902388
RANBP2	0.0010805695348724777
KARS1	0.0010685682882821757
SYT1	0.001068456347128173
ERBB4	0.0010610538883819376
KMT2D	0.0010574433647234467
YWHAG	0.0010572830020877926
ACO2	0.001056882582970607
HADHA	0.001056839481434756
IARS1	0.0010560204807828686
LAMB1	0.0010543349461472262
LAMA1	0.0010529925452881304
ACTN2	0.0010519022715270278
SUZ12	0.0010481705870188675
ITPA	0.0010451721812412345
RPS20	0.0010450759373076088
NUP214	0.0010443525702040328
EMD	0.0010429392957164289
ADSL	0.0010400611478520053
NF1	0.0010341668464782215
GLB1	0.0010326760192890618
CASK	0.0010318518645865647
DCTN1	0.001030941976642489
ELN	0.0010304746870596437
CDH2	0.0010290730068173446
PAK3	0.0010287599893553055
NTRK2	0.0010268064681498385
NDUFB8	0.0010231713523577858
GPC3	0.0010211259412591894
PSMC1	0.0010209171527147066
ANK3	0.0010189062072497863
FGFR1	0.001017441084279685
GABRA1	0.0010167343271771235
BUB1B	0.0010157934884259313
PMPCB	0.0010135016352292314
TNRC6B	0.0010134194314203413
NOTCH3	0.0010097684846937787
SMARCD1	0.0010075578244409732
APOE	0.0010075028284673305
NDUFA8	0.0010039559209567733
TH	0.0010030093730359442
LARS1	0.001001254371325114
SMC3	0.0010011607859026757
PAFAH1B1	0.0009995081635481593
NDUFA9	0.0009993104311633244
UQCRC1	0.0009981320057607752
GARS1	0.0009979576603951618
NDUFS1	0.0009931990766966737
EED	0.0009919839822547024
SOX2	0.000988576648492573
NDUFS7	0.0009878741653119832
ATIC	0.0009866603905614427
COG3	0.0009858864914120162
CEP290	0.0009841785868081418
NDUFV1	0.0009818831458384403
TOMM40	0.0009798774111405666
PYGL	0.000979627395944042
TERT	0.0009778364228880457
NDUFA12	0.000977183902191196
AARS1	0.0009766093485834878
MAP2K2	0.0009713719220412636
TPR	0.000971344131347144
MAP3K7	0.0009702458443194443
ERCC4	0.0009688343853278216
SMARCC2	0.0009685181455687048
MEF2C	0.0009682957877787548
BRAF	0.0009654245770172892
SUFU	0.0009604156911847496
GALC	0.0009593461229062416
XPA	0.0009572315963849375
QARS1	0.0009551345817367958
UQCRQ	0.0009545333666731841
HSD17B10	0.0009535814984378352
SDHB	0.0009518106738302708
NDUFA6	0.0009497082652195463
LRP5	0.0009476282689560889
DKC1	0.0009437831151027357
PLAAT3	0.0009432058286430895
RAB3GAP2	0.0009423570589498834
ATP5F1D	0.0009399379832698941
NDUFB10	0.000939419950346579
NDUFB9	0.0009386450685300488
TAF4	0.0009379175717543584
NDUFAF1	0.0009367958605214286
YY1	0.0009363741621884004
POLE	0.0009353789078852207
NDUFA10	0.00093223779711022
SUOX	0.0009291613513126328
PIGL	0.0009265138714721811
NFU1	0.0009258129588792173
NDUFS4	0.0009223582331370116
NEB	0.0009216864155218259
PSMB1	0.0009209459303193652
MRPS16	0.0009206944998675076
NDUFS8	0.000920632959672722
SMARCB1	0.0009201466559725519
ALG3	0.0009199485594138683
ADAMTS2	0.0009198899284960115
PLXND1	0.000919789252754105
MRE11	0.000917510605536853
LRRK2	0.0009163022912737313
SHMT2	0.0009162942785646985
CDK8	0.0009142483821663824
NDUFS6	0.0009141778766178571
SMARCE1	0.0009131197733912406
NDUFA2	0.0009104596454146348
HSD17B4	0.0009097873272059953
VDR	0.0009096777974748227
NDUFV2	0.0009068993558881003
XPC	0.0009048492782218817
SPAST	0.0009036213602147046
ALG1	0.0009035683334626776
TARDBP	0.0009033017880942636
GCSH	0.0009032240750386618
FIG4	0.000900015438667292
ERCC8	0.0008999304476366164
DNMT1	0.0008997862257090741
PPARGC1A	0.0008988668701357796
RAPSN	0.0008984557602289121
TKT	0.0008949815590842822
VPS35	0.0008943558523356148
MTR	0.000893298859998836
ALDH6A1	0.0008888853030146194
GNAO1	0.0008843020373723406
ADAM22	0.0008840369534969831
CHST14	0.0008840369534969831
MAN2B1	0.000884036953496983
BSND	0.000884036953496983
CLCF1	0.000884036953496983
BPTF	0.0008832851080412691
TAF1	0.0008826957982480975
B4GALT1	0.0008817143440613008
BUB1	0.000878799848540158
AP1S1	0.0008786209733713153
HNRNPK	0.0008774667169053212
NUP62	0.0008750117946430381
NUP107	0.0008748470862913002
BAP1	0.0008746445796564032
TRRAP	0.0008732814620220712
AP4B1	0.0008717398415628306
PMPCA	0.0008716718764932178
HDAC4	0.000870107916463299
GNAI3	0.000869404993972992
NUP133	0.0008683828458046126
LAMA2	0.000866240305702719
PTPA	0.0008657059841911827
MDH2	0.0008651316753959792
PDHB	0.0008646878521447805
TMEM67	0.0008630843338450943
PSMD12	0.0008627497232617016
BMP1	0.0008624505329562741
LMNA	0.0008619660373664497
PRKCZ	0.0008617624680219177
IFIH1	0.0008615312844937408
COG6	0.0008596789078834348
GBA1	0.0008567375235065736
LAMB2	0.0008547731549501253
PDGFRB	0.0008495508128127921
DDOST	0.000848545905752915
DLG3	0.0008472969605729339
EIF4A2	0.0008447615472099213
TAF6	0.0008439947506120591
CACNA1D	0.0008431349988686567
MT-ND1	0.000842955430634896
CACNA2D2	0.0008428156210362272
NDUFC2	0.0008404193660256175
MKS1	0.0008401482448428687
DBT	0.0008366074576084052
GLRX5	0.0008365846658037905
OGDH	0.0008339519464779159
PGM1	0.0008319560400782145
NDUFA4	0.0008315816156104605
LMNB1	0.0008312617054698386
PEX5	0.0008267781242199183
GLE1	0.000826706884055082
MLYCD	0.0008258210240115414
FXN	0.000825718397700989
NDUFB3	0.0008255864307238804
GPC4	0.000824618646805342
SCN2A	0.0008238644479639062
KMT2A	0.0008231303674107
DLAT	0.0008221744352795452
NUP54	0.0008220378386665222
AQP4	0.0008216688001864023
GLUL	0.0008198637431336501
ATP6V1A	0.0008191996558009712
COG4	0.0008186600709956259
MRPL12	0.0008177704937843303
RRAS	0.0008169855933698485
ERCC3	0.000815876402111974
ATP6V1B2	0.000815178925016587
ARL13B	0.0008138329804026396
AP4E1	0.0008136827567436778
POMT1	0.0008128509546663671
ATP6V1E1	0.0008118876044284319
POLR3B	0.0008105165821517267
AP5Z1	0.0008099200995663405
MATR3	0.0008094080452547973
POLR3A	0.0008093386338879495
VPS41	0.0008085460759595653
GCK	0.0008079596994085575
PCCA	0.0008063197222846117
PEX13	0.0008060544351439898
PEX12	0.0008050878261234919
PEX14	0.0008043412885863551
FKTN	0.0008029360196656253
PCCB	0.0008025222267174579
FLNA	0.0008017749723638689
ERCC5	0.000799651356885444
ISCU	0.0007993027815619595
PEX2	0.000798449888730074
HPRT1	0.0007977271681569575
RAD50	0.0007966781708049015
SOD1	0.0007952647738412456
EFNB1	0.0007949841300902229
CC2D2A	0.0007942587509458678
MT-ND4	0.000794156332405506
HMGCL	0.0007930794952223462
ACAT1	0.0007928652492300326
KCNAB2	0.0007926086294424607
MT-ND2	0.0007924833737233073
POLR1C	0.0007923414535201822
TSHB	0.0007923176705080553
OSGEP	0.0007907860252750796
UGP2	0.0007895977278072886
AHI1	0.0007878344499452412
FH	0.0007877244532081511
CLTC	0.0007871011153259513
PDGFB	0.0007865343341189473
SUCLG1	0.0007827799420311574
TBK1	0.0007827707641030259
SPR	0.0007823814866407032
MRPS14	0.0007808600045235555
LIPT1	0.000780349716744816
RAB3GAP1	0.0007778538265657086
KLHL40	0.0007745668689306153
POU1F1	0.0007732384890450123
DYNC1H1	0.0007723478917968428
CAD	0.0007722594020112208
TGFBR2	0.0007722280650918553
MT-ND5	0.0007704491050067951
CLP1	0.0007699128196885755
IDH1	0.0007693720070144788
DAO	0.0007687972626488717
CHD4	0.0007678908350282435
LIG4	0.0007678435562055984
IARS2	0.0007665513901890805
HCFC1	0.0007664632964215899
VPS33B	0.0007652969639032062
PCGF2	0.000764535645124496
NDUFA1	0.0007642325904392395
NKX2-5	0.0007629919751140575
NT5C2	0.0007627122438969937
GNPAT	0.0007621506106525721
ALPL	0.0007620374397467681
MT-ND6	0.0007611223809447877
NDUFA11	0.0007608466466034345
COL5A1	0.0007605673985138845
EGR2	0.0007594759874818091
PDSS2	0.0007587699992096319
VPS33A	0.0007584626702624958
PEX16	0.0007583240191167332
TIMM8A	0.0007552320895461113
MT-ND3	0.000753854484066409
DNM1L	0.0007536455057323564
ABAT	0.0007526324177184866
COG8	0.0007524950931263072
BCKDHB	0.000751414086037675
SHOC2	0.0007513553866142631
BMP2	0.0007510381218461617
COQ2	0.0007509473393978245
ITGA3	0.0007499865007446058
TTN	0.0007485389060614415
RARS2	0.0007477068247457775
BMPR1A	0.0007476522041335592
SUPT16H	0.0007468870724173592
PEX26	0.000746432064041991
HEXA	0.0007451101330414081
SMARCA2	0.0007447577797942606
SARS2	0.0007425856660367234
SNIP1	0.0007409470352477884
NDUFB11	0.0007402266479639408
HEXB	0.0007399465258330573
UBA5	0.0007384679840152337
DHFR	0.0007381923530378504
POMT2	0.0007377538554225502
FGF8	0.0007361816145187049
ERCC2	0.0007341567814508883
HNRNPA1	0.000733836387374685
BBS10	0.0007338274560977227
RXYLT1	0.0007332119275392736
GATAD2B	0.0007313255650508051
HNRNPU	0.0007303847169041353
BBS4	0.0007297840644226229
ASAH1	0.0007293487408270551
PEX3	0.0007280164352722946
TMEM216	0.0007275194357991588
CARS1	0.0007266483914213995
NSDHL	0.0007264707704147284
MRPS22	0.0007262552665567085
SMPD1	0.0007259168631368379
B9D1	0.0007256478716342332
EXOSC3	0.0007249775625690424
CTCF	0.0007213239534389939
EXOSC1	0.0007213047465501216
ACAT2	0.0007211943289803271
SC5D	0.0007211672397077802
IFT172	0.0007207102644569008
SPTBN4	0.0007203262664696032
IMPDH2	0.0007198392620650194
STUB1	0.0007194693926937475
PIGT	0.0007193118911870884
DHCR7	0.0007185694029100974
ALDH7A1	0.0007182921852592297
MRPS2	0.0007176666635661891
IMPDH1	0.0007172974195697785
MED13	0.0007151038246037129
PRNP	0.0007148967752896425
COL5A2	0.0007140085146705452
SMC1A	0.0007139931947296339
PUS7	0.0007137654449485142
YARS2	0.0007123552466088858
RELN	0.0007115493907335191
SQSTM1	0.0007108005718732715
MMADHC	0.000710713902419994
COA6	0.0007104052809470212
BCKDHA	0.0007087769740364312
DDC	0.0007079260978298691
MED12	0.0007074710693143166
MYL1	0.0007068870018451091
SRRM2	0.0007067042150222558
EXOSC9	0.0007051605632458024
TUBB2A	0.0007035160907581947
DDB1	0.0007033155195059609
GRIN1	0.0007007096447510542
HK1	0.0007003214151575112
ATXN1	0.0006989972616422279
MED17	0.0006977979499397307
CHEK2	0.0006974505733716832
PIK3CG	0.000696791905113465
RFXANK	0.0006963122664153299
ALG11	0.0006931742350007908
USP7	0.0006919882268624622
SPOP	0.0006917015691610789
PCYT2	0.0006902882853081758
FGFR3	0.000690087057942176
TOMM7	0.00068949856158737
TBL1XR1	0.0006878201519477657
RPGRIP1L	0.0006850466710740846
UBE3A	0.0006843842570108114
BBS1	0.000684263770239124
ACSL4	0.0006836773623057957
CDC40	0.0006834669273748313
BBS9	0.0006828763899359654
BBS7	0.000682825250773212
NFS1	0.0006824208816289345
HNRNPH1	0.0006822623504261954
BBS2	0.0006820424396847001
BBS5	0.0006816472906542292
DHX9	0.00068115478579898
EXOSC5	0.0006805209434470589
LBR	0.0006794615620996931
TTC8	0.0006793011468846844
MMUT	0.0006791776354585123
DHCR24	0.0006790390062894237
KIT	0.000677600435940508
PIGA	0.0006772701490892058
POMGNT1	0.0006765913849988981
UBAP1	0.000675109207927264
B3GAT3	0.0006750886679619279
COX6B1	0.0006746899727165732
CAMKMT	0.0006745441463770274
GRIN2A	0.0006740705254392274
LIAS	0.0006739976436490742
RBMX	0.0006738982621646528
POMGNT2	0.0006732825038170101
AMPD1	0.0006731645162251465
PNP	0.0006710182620733328
TCTN2	0.0006695031344154319
CPLX1	0.0006690783525527111
TMEM231	0.0006688034377428775
PPP3CA	0.000668595750338704
APC	0.0006685106906859718
PEX7	0.0006679738371430757
AMPD2	0.0006677275832667958
RAD21	0.0006677090118298212
INSR	0.0006675009803272309
LMBRD1	0.0006667595859321298
B9D2	0.0006665935666837136
SIGMAR1	0.000666537658112791
CHCHD10	0.0006662174843128861
IFT74	0.000666162415021974
COX4I1	0.0006658840692001577
FBN1	0.0006628702180740884
MOCS1	0.0006627486510370777
U2AF2	0.0006627103915593809
PTCH1	0.0006614751371618214
TIMMDC1	0.0006611956003392227
BRCA2	0.0006611937038064891
SDHA	0.0006604619277615414
COQ5	0.0006591241304466257
KCNQ2	0.0006588485596258859
TGFB3	0.000658760016632792
TP53RK	0.0006581686867895455
DPAGT1	0.0006580870553320018
CRAT	0.0006569742059250806
KAT6A	0.0006568749624534911
HLCS	0.0006552617903695808
COQ9	0.0006546519539746507
IBA57	0.0006542688315740597
ATG7	0.0006540522109218251
GFM1	0.0006539142229444901
B4GALT7	0.0006536249942837562
NFASC	0.0006531773425759046
CHRNA1	0.0006528845830883693
MUSK	0.000652832463734228
ACADSB	0.0006523007705959155
MYOD1	0.0006519435732508892
KCNMA1	0.0006515758555601469
CDK19	0.0006513035634848266
COQ4	0.0006505418943743817
MOGS	0.0006502286010616125
STT3B	0.0006496886498469284
KIF5C	0.0006492649569941352
ALDH18A1	0.0006490801799426223
PARS2	0.0006487599862500423
PIGK	0.0006487342634936474
ISCA2	0.0006484580143858741
GPAA1	0.0006483110297171023
AAAS	0.0006480466951234251
GEMIN4	0.0006479595565408141
STX1B	0.0006479361617795229
MED27	0.0006476911651318502
CHMP1A	0.0006475056705650861
KMT2C	0.0006474204151960685
BMP4	0.0006462395796603769
CHD8	0.0006459215377924895
PIGB	0.0006457233070647676
OTC	0.0006455155150431761
MED23	0.0006450862362032517
DEGS1	0.0006434699610051929
CACNA2D1	0.0006423427847265652
FDX2	0.0006412673884991083
GRIA4	0.0006404054376471003
TRAPPC4	0.000639576761471649
TRAPPC9	0.0006393914751221218
ALG6	0.0006388110508379747
PEX11B	0.0006381432561641953
TRAPPC12	0.0006379842068491267
TRAPPC6B	0.0006374219681076372
POLR3GL	0.0006368657442661007
PIGV	0.0006367778519495665
DAB1	0.0006366189657673804
TRAPPC10	0.0006365656658934084
GRIA3	0.0006365594681221951
MKKS	0.000635448212466096
PEX19	0.0006327569080164616
TRAPPC11	0.0006300661311774873
RYR1	0.0006290673179852955
CPT1A	0.0006286831933557442
GALT	0.0006285909937775994
PANK2	0.0006279604270091582
NSUN2	0.0006277366774094171
ACADS	0.0006276659274535636
MFN2	0.0006272947496557417
D2HGDH	0.0006262625124831844
SNAP29	0.000626216320464326
EDNRB	0.0006261715828922189
CHD3	0.0006246304276315392
KDM6A	0.0006221719490413088
DNA2	0.0006214521374210361
ASCC3	0.0006213778933363956
PIGO	0.0006210248719102147
SLC32A1	0.000620062573527236
DNAJC6	0.0006199543818801183
MTO1	0.0006195744826803582
STAG2	0.0006193718776662701
SLC18A3	0.0006191437491593738
TUBGCP6	0.0006191424927696929
TUBG1	0.0006189771869733741
EIF5A	0.0006188964029347752
DHPS	0.0006188964029347752
TRMT5	0.0006188118811881188
WASHC5	0.0006188118811881188
TRMT10A	0.0006188118811881188
UGT1A1	0.0006188118811881188
SLC35A2	0.0006188118811881188
WASHC4	0.0006188118811881188
CAMLG	0.0006188118811881188
ANG	0.0006188118811881188
RNH1	0.0006188118811881188
CCDC22	0.0006188118811881188
GET4	0.0006188118811881188
NAXD	0.0006188118811881188
UNC80	0.0006188118811881188
PITX3	0.0006188118811881188
NPC1	0.0006188118811881188
NR4A2	0.0006188118811881188
NPC2	0.0006188118811881188
PGAP3	0.0006188118811881188
PGAP2	0.0006188118811881188
NAXE	0.0006188118811881188
NALCN	0.0006188118811881188
ELP1	0.0006188118811881188
HACD1	0.0006188118811881188
ELP2	0.0006188118811881188
DUOX2	0.0006188118811881188
ELOVL4	0.0006188118811881188
DUOXA2	0.0006188118811881188
FLAD1	0.0006188118811881188
ACP5	0.0006188118811881188
MYO9A	0.0006188118811881188
SLC6A1	0.0006188118811881188
NANS	0.0006188118811881188
GNE	0.0006188118811881188
GABRD	0.0006188118811881188
ARNT2	0.0006188118811881188
MYO18B	0.0006188118811881188
SIM1	0.0006188118811881188
OSTM1	0.0006188118811881188
CLCN7	0.0006188118811881188
POGZ	0.0006188118811881188
SLC35A1	0.0006188118811881188
CEP120	0.0006188118811881188
KIAA0586	0.0006188118811881188
VPS35L	0.0006188118811881188
ALAD	0.0006188118811881188
HMBS	0.0006188118811881188
ADGRL1	0.0006188118811881188
CHAMP1	0.0006188118811881188
KANK1	0.0006188118811881187
NKX2-1	0.0006188118811881187
PAX8	0.0006188118811881187
KIF21A	0.0006188118811881187
NAA10	0.0006188118811881187
FTH1	0.0006188118811881187
NAA60	0.0006188118811881187
FTL	0.0006188118811881187
TUBGCP2	0.0006186465588327898
DOHH	0.0006186428376948056
GTPBP3	0.0006185576291375172
TUBGCP4	0.000618481286176619
TRMU	0.0006183035317464817
UPB1	0.0006181979725787873
CHKA	0.0006180100145457051
TRIP4	0.000617785123536915
ASCC1	0.0006172726266910463
BICD2	0.0006171953250512434
DYNC1I2	0.0006171535570614086
COASY	0.0006168641201681069
TAF2	0.0006160864417662537
ITGB6	0.000615086075498681
CHKB	0.000614686569446486
TPO	0.0006139113062826727
MYL2	0.0006136775640818794
TCTN1	0.000613437536576096
DOLK	0.0006134209296116788
DNMT3A	0.0006128105322536718
KCNJ11	0.0006124681598369357
PPCS	0.0006116110963870919
PAX6	0.0006102784243620864
CHAT	0.0006101474634020566
ERLIN2	0.000609411731032293
ODC1	0.0006087904958407792
TUFM	0.0006087730502078781
DARS1	0.0006083140065668328
GTF2H5	0.0006080564965531913
CCT5	0.0006077598341876452
POLR1A	0.0006072202252022499
LYRM4	0.0006065148628945557
PIGH	0.0006062546946686415
AP4M1	0.0006062175113938477
CNOT1	0.0006059861714964679
PIGP	0.0006059287021780925
RARS1	0.0006055735050403383
POMK	0.0006049579727212368
ACTL6B	0.0006048092400955007
B4GALNT1	0.0006039677666405895
PIGQ	0.0006039006971862104
GAD1	0.0006036812967053383
ZFYVE26	0.000602767799160416
NMNAT1	0.0006026983234467011
GEMIN5	0.0006024874735450939
PEX10	0.0006022440036710367
EXOSC8	0.0006021598837386084
VPS53	0.0006013980484574234
PIK3R2	0.0006010146325970426
LINGO1	0.0006007524817921956
NARS1	0.0006004760693784411
AP1G1	0.0006004357902680403
PLK4	0.0006002591506508195
CPSF3	0.000600130690324256
VPS11	0.0005998648941469938
UFD1	0.0005997546774792165
CNTNAP2	0.0005996641171122184
PEX6	0.000598854156094071
PC	0.0005988042806794043
GBA2	0.0005979610520945893
ABCD1	0.0005978273158373309
LAGE3	0.0005975519277990776
TPRKB	0.0005974114294284453
GON7	0.0005973156230949606
RAP1B	0.0005970369203814547
PIGY	0.0005969935182465199
CPT2	0.000596856465392345
MTM1	0.0005968003593947999
COG5	0.0005960434140242436
COG1	0.0005960434140242436
COG2	0.0005959773699459202
COG7	0.0005959773699459202
TDP1	0.0005955202876234649
PLOD1	0.0005949956253104387
ETFA	0.0005949020432410378
SYNJ1	0.00059476357326741
EPB41L1	0.0005945090645286985
DHX16	0.0005941779478432123
PPM1B	0.0005937306428406815
PHF21A	0.0005931503863349281
MTMR14	0.0005924747903159546
RNF113A	0.0005923574666302492
IFT81	0.0005922923537944895
DNM2	0.0005920965447545286
IFT140	0.0005910171541229198
MRPS34	0.0005907248642161539
QDPR	0.0005904549160136628
SCN1B	0.0005900596305034322
UBQLN2	0.0005900480154955354
CWC27	0.0005898526517538318
RAB18	0.0005891360217497094
IKBKG	0.0005888249950155876
MED13L	0.0005886877942921411
BCS1L	0.0005886610919940943
IFT27	0.000588171722212141
PNPT1	0.0005877586761744664
KIF5A	0.0005871199489036295
BBIP1	0.0005864417110578378
IFT56	0.0005863399000631505
UFM1	0.0005855909168520241
TUBB4B	0.0005853884773054151
LIMK1	0.0005853050878185345
SUMF1	0.0005846952383565528
PMM2	0.0005843985048755518
SORL1	0.0005842666341332661
MLH1	0.0005834763781013898
PPP1CB	0.0005821538017519339
TARS1	0.0005820504725853775
AP3D1	0.0005819233061648941
ARSA	0.000581609786852291
ACSF3	0.0005814298648798693
WDR19	0.0005807119227798553
SCN4A	0.0005806546356723658
PTCD3	0.0005798238136415241
POLA1	0.0005786711751464648
PAH	0.0005767823423152917
AMACR	0.0005763748754107326
MADD	0.0005758718052445163
ATP6AP2	0.0005758400394261418
ATP6AP1	0.0005755818803144128
TIAM1	0.0005752867203789704
CNTN1	0.0005750721241868512
GFPT1	0.0005750524738161815
MTX2	0.0005743281785512908
RALA	0.0005739531524195887
ISCA1	0.0005734949001549148
POLG	0.0005720428926947556
GTF2E2	0.0005720389703592366
PSPH	0.0005720053514612934
TPI1	0.0005713324545728132
NOP56	0.000570178691992088
SLC18A2	0.0005684905826261887
VPS37A	0.000567812748214756
TINF2	0.0005676918917670622
TAF15	0.0005674572434419228
MYO5A	0.0005671104567171435
GCH1	0.0005670433880578123
SPTBN1	0.0005668726041925651
NARS2	0.0005665265738107926
STIL	0.0005664655016123173
PDE6D	0.0005655685449060859
PIGU	0.0005653473314320344
PIGS	0.0005651652517088279
HNF1A	0.0005651242321039643
STAG1	0.00056499572040664
ACER3	0.0005647135762669787
LOXL1	0.0005644636021236503
MARS2	0.000564379870639082
CYFIP2	0.0005634550973193876
VPS37D	0.0005630626817075758
MPV17	0.0005622208057439529
MCCC2	0.0005620104351030429
SELENOI	0.0005618747079716576
RNASEH2A	0.0005612114875328416
CSNK2A1	0.0005607550920337061
MCCC1	0.0005600037742148872
POLG2	0.0005594100372281626
COQ7	0.0005591424216606921
CTSD	0.0005589887772256139
ARID1B	0.000558732216074687
DDB2	0.0005584053622015048
PEX1	0.0005583035424126256
PGAP1	0.0005577927935011781
PRKAR1B	0.000557608481072289
PYCR1	0.000557081507024982
NIPBL	0.0005563510173203224
BBS12	0.0005532781994339179
SPTAN1	0.0005530275965025254
SNF8	0.0005529397656152043
CPS1	0.000552893178623051
GOSR2	0.0005525711285086579
PRKG2	0.0005525538114549912
COPB2	0.0005524798357889373
COQ8A	0.0005517912548704535
MTRR	0.0005517867028894782
PYCR2	0.0005512933553677466
ATXN3	0.0005510620237439404
SUCLA2	0.0005502320816284042
PDHA1	0.0005501325171711525
CACNA1S	0.0005495667165504171
GALE	0.0005495391665754493
PMP22	0.0005493563093862163
TPM2	0.0005485355753059441
GMPPA	0.0005479309666173531
ASXL1	0.0005477658076634658
GLS	0.0005461685395249743
ALG9	0.0005457181682549146
PRODH	0.0005454020444660968
MMAB	0.0005452275307048324
COL4A2	0.0005451930465483188
BRD4	0.0005446701963779961
ATP5PO	0.0005442441547149678
EXOC2	0.0005438073164952432
ZDHHC9	0.0005433124936961712
ALG12	0.0005416045481490299
CYB5A	0.0005401011876645966
ASPA	0.0005397585956608129
GUCY2D	0.0005389140079395076
IVD	0.0005385262787189497
PTS	0.0005375589012297576
MPI	0.0005371419804157868
VMA12	0.0005370109619957852
PIK3CD	0.0005356133924309414
LSS	0.0005354184768504181
AP4S1	0.0005350572895236138
CRTAP	0.0005349901215750132
TIMM22	0.0005347216199270052
H3-3A	0.0005342249536699487
JAG1	0.0005333520615978319
MMAA	0.0005332522453329034
AGK	0.0005331143373077442
SEC31A	0.0005324375529217305
TPM3	0.0005317020455293902
TSEN15	0.0005311066790865482
TSEN2	0.0005305909847860505
IPO8	0.0005296797553044989
SRD5A3	0.0005292063538179239
ALG8	0.0005288566922841073
PHKG2	0.0005279283524970434
TSEN54	0.0005279237538131163
HLA-DRB1	0.0005274888610376153
SEC24D	0.0005274473070316647
GRM1	0.0005271488616588068
SCO1	0.0005269149608977847
TSEN34	0.0005268905138894518
EARS2	0.0005265702291110365
PREPL	0.0005259665821139286
UBA1	0.0005251277641280561
COX15	0.0005249919980079653
SCYL1	0.0005243831273057813
SLC3A1	0.0005237992723837546
MED11	0.0005236736905706896
GAN	0.0005230314629973889
IDH2	0.0005227892538390662
ST3GAL5	0.000522115428467929
CYP27A1	0.0005215960217275583
TAF8	0.0005214580586110263
TNNC2	0.0005213233604210668
PRKCG	0.0005213010374922293
COL6A2	0.0005206304516284022
MRPS28	0.0005201963907435681
GABRB2	0.0005201738223760073
MCEE	0.0005201502291243247
KCNA2	0.0005201023204405987
TRIP12	0.0005183285984962828
NEFL	0.0005180964456837476
COL6A1	0.000517965456807957
PHKB	0.0005175159130919719
B3GALT6	0.0005174368110284341
PHKA2	0.0005167183952649478
DPF2	0.0005166315096912802
CNOT3	0.0005164782135364957
GABRB3	0.0005160989562775655
SOX9	0.0005160084581265879
SVBP	0.0005158322969479715
CNOT2	0.0005157734342398142
ATAD1	0.00051534300129303
DLL1	0.0005143251624507072
COPB1	0.0005137168231063869
RTEL1	0.0005132584106769434
ALDOA	0.000512214386871345
PROKR2	0.0005119886910538457
ANOS1	0.0005113975620902913
FUS	0.0005108140362785412
GDAP1	0.0005108009578312978
ACADM	0.0005107673414852394
MDH1	0.0005105585842903245
BICRA	0.0005105332067287531
ATP6V0A1	0.0005105241516168054
EIF3F	0.0005104625961221377
TIMM50	0.0005097710551322383
EIF2AK2	0.0005090846748467919
PDHX	0.0005090732012256387
SETD1A	0.0005090682689496567
AMFR	0.0005085080927990459
GABRG2	0.0005077000088993652
ACACA	0.0005075469839163547
ATP6V0A2	0.0005071951259191096
GLDC	0.0005070279860135221
LEMD3	0.0005066062047208338
PLG	0.0005060662022041522
FBP1	0.0005059987514238716
PMS2	0.0005058160537172603
MPZ	0.0005053303988439367
VARS2	0.0005045397908271817
B4GAT1	0.000504510528470549
BOLA3	0.000504112249719519
HBA1	0.0005038449590518988
OCRL	0.0005036981924312864
SYNGAP1	0.0005022106635728298
CRLF1	0.0005011097468262352
CDON	0.0004991641396391825
PLCB1	0.0004983481631331932
DSE	0.0004980013102075573
FUT8	0.00049707895440809
GABBR1	0.0004969023844713486
ARID2	0.0004946128100480168
LGI4	0.0004943098758054842
MAN2C1	0.0004934432824628958
TCF4	0.0004932523534808153
FGF17	0.0004908878244283435
DENND5A	0.0004908439982547215
COL11A1	0.0004908066316681582
FXR1	0.0004904976739896512
ATXN2	0.0004900108600954289
ORAI1	0.0004880576548849302
CLCNKB	0.0004880419221545071
AIMP1	0.0004876778930725787
GFAP	0.0004874944179644672
ASNS	0.0004874917472153026
WBP4	0.0004871328582240727
TREM2	0.00048653426593238814
HNF4A	0.0004863676055884167
COL2A1	0.0004853221858095553
TNNT1	0.00048437554632845307
CLCNKA	0.00048435676791286667
PSAT1	0.0004838323475528818
GCDH	0.00048260405198301466
HIKESHI	0.0004811268054794503
UBAP2L	0.00048094640717775234
VLDLR	0.0004809219782490529
KCNA1	0.0004806508605133847
CA8	0.0004795442155642479
MECR	0.00047905652471606037
MANBA	0.0004789554076044778
BRPF1	0.0004789349354550344
CP	0.0004789175549580392
STT3A	0.00047853303150252233
RNASEH2B	0.0004781659960717261
RNASEH2C	0.0004781659960717261
LGI3	0.00047808881426188935
OPTN	0.0004779806821849106
EIF2B2	0.00047775624925717184
OFD1	0.00047765592548700355
EIF2B1	0.00047745856075909557
EIF2B4	0.00047745856075909557
MMACHC	0.00047729445333842524
TBR1	0.0004761595089269227
PBX1	0.00047569954810090483
PHGDH	0.00047482032799188987
ZNF469	0.00047439737985981634
POLRMT	0.00047373106755578727
ALG13	0.0004734727220725318
CAPN1	0.00047266249548396516
ALG14	0.00047257297443926104
LZTFL1	0.0004721036544042105
DDX6	0.00047175751979997363
CRIPTO	0.0004716551755509955
VPS51	0.00047144831053110643
LIFR	0.00047128894324113834
BIN1	0.0004709922544197826
CIT	0.00047061344626431645
ADAMTSL2	0.0004705930127841165
TTR	0.00047039464777705634
GABRA5	0.00047018681539246713
NEU1	0.0004699196615574844
ITCH	0.00046955226382874654
PCYT1A	0.00046890241123483003
FKRP	0.00046866273678762885
GABRA2	0.00046865604832558227
TCTN3	0.00046824013124884185
CHCHD2	0.00046792280501925857
GFER	0.00046741569020941447
SERPINH1	0.0004673372841731622
CYP27B1	0.0004671458731587818
SSR4	0.0004670632177766166
PSEN2	0.0004662717301336173
HIBCH	0.0004661199824489981
ADAR	0.0004650930606405262
ASXL2	0.0004645178605851713
TSHR	0.0004643852733312257
IGF2	0.00046391458181516056
INPPL1	0.00046369378095849454
DTYMK	0.000462812487621494
WASF1	0.00046158164678388326
MAPK8IP3	0.00046102211689319115
GPX4	0.0004605030768968372
NAGS	0.00046010448012321866
SIK1	0.000459976877738844
ARL6	0.0004598221657155686
CYP24A1	0.000459314245105807
PRRT2	0.0004577488337260369
MT-ATP6	0.0004569369066936813
CSF1R	0.00045603758092945283
CSNK2B	0.00045524172815620666
FBLN5	0.0004549639431170663
ATRX	0.0004539761956129021
SYNE1	0.0004539275819575657
EXT1	0.00045326501557263813
ATP5F1E	0.00045321316289216563
UBE4B	0.00045310850731162383
INTS1	0.00045219091925275637
GM2A	0.0004516630414290733
COX6A2	0.0004511893546306707
ZEB2	0.00045106295222514944
HS6ST1	0.00045101285567540226
ETFB	0.000450902004572725
PRORP	0.00045070103195735025
KIF15	0.0004506442557046645
ACAD8	0.0004504786410999132
HNRNPH2	0.00045014878001774044
HS2ST1	0.00045012686571704766
MT-ATP8	0.00045009413484474535
EXT2	0.0004498261644774749
SEC24C	0.0004496133836810525
INTS11	0.0004492751355857831
RBL2	0.00044922464116874854
CUBN	0.0004491620231806871
RPE65	0.0004488496481707563
SURF1	0.0004483744934308221
SDHD	0.0004476379456187624
UGDH	0.0004474587740238619
SYNE2	0.0004469006064273429
NAPB	0.00044683800024006314
CANT1	0.00044671459564780774
RRM2B	0.0004464331070392029
COX10	0.000446357285753664
ABCC8	0.00044607302122188434
ANAPC7	0.00044585784520101684
NFIB	0.00044554735371091095
NFIX	0.00044554735371091095
NFIA	0.00044554735371091095
ATXN7	0.00044543893100403194
LHX4	0.0004453060918681827
RDH12	0.0004452733967680361
SLC25A20	0.0004437733238977108
KPTN	0.00044353612006815205
GDNF	0.0004434689907569738
SZT2	0.000443209438954066
GNB2	0.0004423380982303837
KDM4B	0.00044233161313108693
BAZ1B	0.0004418158567573632
CHD1	0.0004399678654794769
IQCB1	0.0004398647124410479
XYLT1	0.0004397325331674004
ARG1	0.0004397118579672764
CLTRN	0.0004393805609387633
VIPAS39	0.0004392754627092282
XYLT2	0.0004388849434341525
KANSL1	0.0004383231174379446
VARS1	0.00043796152379074694
CDK13	0.00043756267015780074
UBTF	0.0004371483872391732
GJA1	0.00043678346361157767
MYH7	0.0004356445299090653
NAT8L	0.00043558258292323746
GRIN2D	0.0004349005642950909
MINPP1	0.0004345755265053368
GNB5	0.00043451733295202136
LZTR1	0.00043381485788369424
HDAC8	0.00043338230821005866
SCO2	0.00043280317868412473
ADH1C	0.00043186245400783586
CASP2	0.0004317183963373205
KLHL41	0.0004314555651141502
SPRED1	0.00043114176025513154
NDUFAF3	0.0004299113338461204
PNKP	0.0004294306176016486
COL6A3	0.00042918821946881167
RNF125	0.00042889641667054
TUBB4A	0.0004288479266261546
SLC25A4	0.00042847386444885393
ACAD9	0.00042827326824063355
SNAI2	0.0004278008480787639
STN1	0.0004258664256034466
CACNA1A	0.0004257683003605233
H1-4	0.00042408368122855904
REV3L	0.0004234273782273173
NSMCE3	0.00042303185579898065
MED12L	0.0004225868452466501
ACY1	0.0004212250738155845
PCBD1	0.0004211284431996188
RAB27A	0.0004206936026781396
SCN1A	0.00042055187057583
EBP	0.00041984989026655343
STIM1	0.00041976762515677697
VRK1	0.0004197385036938808
SCN3A	0.00041909928838414147
CASR	0.000417964814560986
MED25	0.0004173087226421302
INPP5E	0.00041688337756523987
NCF1	0.00041674364164429034
SPTBN2	0.0004165715796994779
UFC1	0.00041654290244038544
FMR1	0.0004164730978512408
SETD2	0.000416419898099346
TFG	0.0004162123529565791
COL4A1	0.0004149746295679976
NUDT2	0.0004138840962288784
FLCN	0.0004135554702674139
ACADVL	0.0004130437228833595
FARSB	0.0004126802751331203
MTFMT	0.0004125273495579224
RET	0.00041058630577661963
GABBR2	0.00041029707728680576
FNIP1	0.0004102546275354109
VAPB	0.0004091668451226618
SPEN	0.0004085497251457812
SLC6A3	0.00040744975852685585
DCC	0.0004071923725269389
CARS2	0.0004071389252109825
UFSP2	0.000407049635588946
DHDDS	0.00040684007681760143
PFN1	0.00040665530662103587
SCN8A	0.0004065166308477553
NUS1	0.0004057844828270733
NPHP1	0.0004032348869441617
SIAH1	0.00040214530979889717
GRIK2	0.00040103586314305876
PRDM16	0.00040080832848479297
KCNA4	0.0004004617371428153
KCNN3	0.000400298847754579
SETX	0.0003993711121430488
NCAPG2	0.0003987614969763381
AP1S2	0.0003982779353576537
ITGA7	0.0003974383335055379
NECAP1	0.00039695099609720046
ACD	0.0003949295600606395
AHCY	0.0003946370777014672
TRMT1	0.00039398380445503176
PAM16	0.00039368209075115064
EXOC8	0.00039286807562066836
DCX	0.00039282572156997496
AFG3L2	0.0003925139371452344
PIGN	0.00039241228321739503
PNPLA6	0.00039198038924668783
DNAJC19	0.0003916479611339977
FBXW11	0.0003914795212369992
DBH	0.0003910869003188607
KIF14	0.0003907666894882022
SPRED2	0.00038966133348530255
PTDSS1	0.0003896311078709487
MITF	0.00038950626541500884
CYP2R1	0.00038938597628005676
ATL1	0.0003887635728482299
HBA2	0.00038846369958100643
LDHA	0.0003874450893593214
REEP1	0.00038708633626482645
NONO	0.00038684017494130336
JAM3	0.00038680697367189686
RPIA	0.0003861257368868784
VAC14	0.00038595693637442864
JAM2	0.0003854325467386229
SPTSSA	0.000384984469323723
SPG11	0.0003848250702104427
TK2	0.0003847213174894451
PRKD1	0.00038465272176475113
NDST1	0.00038379038199469213
SPTLC1	0.00038367300937443445
ABCC9	0.00038357088101344814
ADCY5	0.00038316363363841133
DGUOK	0.0003830149771257629
MICOS13	0.0003817433011994089
ADCY6	0.00038083390697805496
ALG2	0.00038058924509058235
PRPS1	0.0003803615216869515
NDUFAF5	0.0003803376925701051
NADK2	0.0003798535123535152
COX11	0.0003795363140080162
PRX	0.00037899159977686816
NDUFAF4	0.00037845297898337824
CUL4B	0.0003783904578069583
AP3B2	0.0003783137951704488
MYH2	0.00037810339572425433
NAGA	0.00037711446295934383
AHSG	0.0003769462053074467
MRPL39	0.00037616325830150323
TBCD	0.00037613592847680807
TRAK1	0.00037602523280557646
TDP2	0.0003759095182929525
COMT	0.00037583492138441095
NGLY1	0.000375723522021229
GMPPB	0.0003745495013100916
MOCS2	0.00037398256384181007
TMEM107	0.00037345576524514695
ARSI	0.00037273254527431227
GAS1	0.0003726857001134001
GABRB1	0.00037207836134886654
KCNQ3	0.000371972461694515
KMT2B	0.00037111829226494904
NCAPD3	0.000370819185959403
WNK1	0.0003701695791976105
PLCB3	0.00036991515327350176
RRAS2	0.0003684062243264793
TUBA8	0.00036789287853654265
ATP5MC3	0.00036720193281076835
TELO2	0.0003668692079149235
ETFDH	0.0003667110736588207
PDP1	0.00036633792856375833
EFL1	0.00036554057096702174
EIF2AK3	0.0003641432091276018
MTHFR	0.00036383955724313274
ARHGEF2	0.0003634075034259851
HADH	0.0003633417674398698
TBCE	0.0003633076168983348
HMGA2	0.00036210253719609305
TTI1	0.00036155390044693145
WARS1	0.0003605134071840785
TARS2	0.0003603545084724924
PPP1R15B	0.0003602412654503483
SPARC	0.00035967171543696346
HIRA	0.00035754058377757635
CERT1	0.0003573147069940979
EPM2A	0.0003571158135519272
ZMYM2	0.0003566394836117627
LMOD3	0.0003562483625064549
NEDD4L	0.0003555358642564805
PROK2	0.000355531947308076
B3GALNT2	0.000354837419128767
NHLRC1	0.00035398205502980165
GORAB	0.0003536912721065573
CTC1	0.0003534294304684204
PGM2L1	0.0003527116991781613
USP9X	0.00035269962930033086
TUBB	0.0003526427726620046
CYP7B1	0.00035176903928214594
MCM3AP	0.00035176683619440353
EYA1	0.0003514315961891017
UBR1	0.0003512324709372443
TPK1	0.0003509792861853316
BRF1	0.000350804094476219
SEMA5A	0.00035054689110974077
SOS2	0.00035048844675989875
RORA	0.0003504478354086209
VPS4A	0.00034971177196593676
WARS2	0.0003496588702079467
FARSA	0.0003486854808703954
DGCR8	0.0003478450536902451
ARPC5	0.0003475058791691556
CLTCL1	0.0003468628471660327
SNCAIP	0.00034670136033235205
CNTNAP1	0.0003462722008585491
CYP11B2	0.0003460603349002808
ST3GAL3	0.0003449686082217956
KBTBD13	0.0003448087375616475
RAB39B	0.0003435349681262846
DLL4	0.0003420749569275969
PLAA	0.00034146687235085796
MLXIPL	0.0003412264746974644
MGAT2	0.0003412028574870001
SRCAP	0.0003409771767374902
GPT2	0.00034088783855161053
LARGE1	0.0003393664387427303
TTC5	0.0003392104084460148
GBE1	0.0003383603168790139
GALNT2	0.0003372198427870945
NRXN1	0.0003371720211773698
TYROBP	0.00033688546117604677
MSL3	0.00033616320697784784
ATP7B	0.000335474744484109
ETHE1	0.0003347993321321243
PUS1	0.0003347439264077775
AARS2	0.0003332290822268142
SAMHD1	0.00033296824459077645
STRA6	0.00033267677566789326
TEFM	0.0003322620069569445
WDR81	0.00033190610159262914
AMER1	0.0003318843447074729
PI4KA	0.0003317875358773931
RFXAP	0.000331374776986609
NODAL	0.0003312988729466223
VAMP1	0.0003312113532177109
COA8	0.0003311784116157996
SARDH	0.0003308058920885829
EIF4H	0.00033068628471814984
DIAPH1	0.00033035634268131157
TRIO	0.0003301552230126943
TSFM	0.0003298616275575657
GSS	0.00032980295722541235
PI4K2A	0.0003297673147671843
SATB2	0.0003297140105405459
INTS8	0.0003295629221407294
PARN	0.00032906172608174634
AMN	0.00032844310734048837
SEMA3A	0.0003283025221283531
DHTKD1	0.0003279558095915688
CRYAB	0.00032743883982311675
RFC2	0.0003271582092561719
DCPS	0.0003262319950812645
VPS50	0.00032573767618017315
TRPV4	0.00032564753996096427
PDX1	0.00032543823993159407
AMMECR1	0.0003250118670368327
RFX7	0.0003248313767388468
DIS3L2	0.00032467779646115353
RARB	0.0003238363355391441
ERCC6	0.0003231782162290601
ELOVL1	0.00032171556580961073
DPYD	0.00032124355607625864
PSAP	0.000321221792802743
ZNF462	0.00032086304828668054
ARHGAP31	0.0003205587267350417
FOXP2	0.000320137046739405
AUH	0.00032010037629547885
WDR62	0.000319607818134254
FZR1	0.00031888986966962396
CYB5R3	0.00031874569611743415
OCLN	0.0003184565326793669
MMP23B	0.0003183394166480248
SLC6A19	0.0003182384459171061
FOXH1	0.0003180481187296181
DDX3X	0.00031802337178671845
RASA2	0.0003179613537368079
KCNQ5	0.0003179184148537095
ANKLE2	0.0003178269356925214
STAC3	0.00031773787333572276
BCKDK	0.00031762946697956097
PRDX1	0.0003166709510913491
KDELR2	0.0003165346165214932
NRCAM	0.00031632565287418105
OTUD5	0.0003160680225643739
CLCN6	0.0003152146374130209
JMJD1C	0.0003151474318540332
LIPT2	0.0003141126841728941
LRPPRC	0.0003135595112231334
SMPD4	0.00031282840248130406
FARS2	0.00031270312275221226
CDKN1C	0.0003126444913751469
ADGRV1	0.0003124916722416688
ATXN10	0.0003120445064959236
TRMT10C	0.0003118277480799043
PLP1	0.00031094808711394954
L2HGDH	0.00031066292342697254
TGIF1	0.00031058594839838895
NSD2	0.00031056549645941124
CTNND2	0.00031017631585733574
RNF216	0.0003098749075519812
COLGALT1	0.0003088049425846813
FBLN1	0.00030845338318042997
PPIL1	0.0003060259872824894
CHRNB1	0.0003057606201941586
TTC19	0.0003049195616797076
SLC33A1	0.0003045248902708194
EFEMP2	0.0003021391978464094
KMT2E	0.0003016882405253549
DMXL2	0.0003015742689248885
BUB3	0.0003014611007653296
CPT1C	0.0003014486903803889
THOC2	0.00029981303342823556
ARL3	0.0002995544020768146
RPL10	0.00029904570533685637
KCND3	0.00029850592938171364
OPA1	0.00029779712253637247
LNPK	0.00029684610846785614
P4HB	0.0002967451728398757
TRIP13	0.0002954419754613946
PDE2A	0.00029543748789193146
CACNA1B	0.000295313556214857
PDE10A	0.00029520168714732237
PDE4D	0.0002951454390643641
PDE8B	0.0002950050026918916
CFL2	0.00029494769343252597
SMN1	0.0002939309259526957
FA2H	0.00029380088656298046
SCAF4	0.0002933957957513486
CIC	0.0002914393806645925
MAMLD1	0.00029115158828683067
RD3	0.00029096870008507033
JARID2	0.0002907891242322823
RSRC1	0.0002907612531718222
PMS1	0.0002903839202918958
KDM6B	0.0002899222950539244
ARHGEF9	0.00028929843874188533
SLC12A5	0.00028710817499077936
KIF1A	0.0002870745405875821
KIDINS220	0.0002865845357173919
BUD23	0.0002865765326702322
INPP5K	0.00028564771601518636
RFT1	0.0002848082721144267
CBY1	0.00028479083231761223
GLYCTK	0.00028472569828765176
CACNA1E	0.0002846795360077739
KLC2	0.000284367322625205
KAT6B	0.0002838758595891267
PQBP1	0.00028387348270662876
TFE3	0.0002824730452375657
MRAS	0.00028156872581363906
KCNJ10	0.0002804867008543824
SET	0.0002803145032616457
SEMA3E	0.0002802380037828199
DARS2	0.0002801656113533621
REPS1	0.00028006240730745884
KIF7	0.0002796241299244101
SLC1A2	0.0002793466670426843
TUBB3	0.00027890695409298007
STAMBP	0.00027883187401631234
KCNN2	0.00027834224421578496
TWNK	0.00027786427281409505
RIT1	0.0002776882170019261
MAF	0.00027767102733190557
HLA-DQB1	0.0002763542178375422
EHMT1	0.0002753611327819904
COLQ	0.0002738627833455535
KIAA0753	0.00027337795305260363
GOLGA2	0.0002732759807460832
ARFGEF2	0.0002711685780623827
RIN2	0.00027088613618519726
PAX3	0.000270735559210016
ARFGEF1	0.0002706524272532752
FGF13	0.0002704298111333556
SLC5A7	0.0002701480613190819
IQSEC1	0.0002695418966407287
PTPN23	0.00026943817641924563
LONP1	0.00026919129836899315
SYT2	0.00026815019865079046
YRDC	0.0002677468153419522
PUF60	0.00026663079449408935
CRX	0.00026460521443087833
HERC1	0.0002643281371314876
USP8	0.00026314478232061637
TMEM126B	0.00026159610148829
PACS1	0.0002609706753560492
SKI	0.00025937995199725003
FBXW7	0.0002586748455553491
UCHL1	0.00025846845335901464
ABCD4	0.0002577027316003934
KDM5A	0.00025763431792438584
L1CAM	0.0002572037663020849
MYPN	0.0002562167002318511
PAX7	0.0002555527064796864
CDKL5	0.0002549758247861829
HID1	0.00025469013265096206
SPG7	0.00025180677393177536
WWOX	0.0002514274694433652
SGCE	0.0002508613327723156
CTNNA2	0.000250743802475774
FDXR	0.0002505424763659351
MAGEL2	0.000250512239766536
USP18	0.0002505030939963222
ATP13A2	0.0002489605881238017
TG	0.000248300945374101
WLS	0.0002482675071485071
COX8A	0.00024765648019508613
TOPORS	0.00024662419920866744
AASS	0.00024648825385528326
ASCL1	0.0002458277147974205
CPE	0.00024499781518269646
GLRB	0.00024485353869152624
SMS	0.00024437312717838283
PPT1	0.0002435416434579166
SPRY4	0.00024303311710532593
CRPPA	0.00024296057310540633
SOX4	0.00024232287773895905
ATP7A	0.0002419694101229649
NDN	0.0002411737124498751
STRADA	0.00024029384266869682
MUTYH	0.00024008422881801299
DOCK7	0.00023946753625356907
GLRA1	0.00023874008921538127
ALDH5A1	0.00023814263617789286
RAB11B	0.00023806033173513812
DOCK6	0.0002377608649671097
SHQ1	0.00023721517107338792
MFF	0.00023670798433104225
BMPER	0.00023609626564774386
EIF2AK1	0.00023533679955237103
SLC25A12	0.0002351893564340964
NDUFAF6	0.00023489607984541433
WDR48	0.00023488509608526566
ERLIN1	0.0002344510622211083
GDF6	0.0002338572206772488
MPDU1	0.0002337839446275846
ALS2	0.000233627354223831
PIGW	0.0002327182187733288
CKAP2L	0.00023270939486991088
MPDZ	0.00023046567613542278
SIX3	0.00023043383918124706
WNT7B	0.00022860058844385132
SEMA4A	0.0002284931380597176
CSGALNACT1	0.0002284668507814469
ABCB7	0.00022752563072807466
HTRA2	0.0002274284239653045
UBE4A	0.00022616389795593393
EDN3	0.00022598207557002274
NDP	0.00022567766034270928
DISP1	0.0002252487171391794
CHD7	0.0002251638410198715
BTD	0.00022504221409616067
NAE1	0.00022467702980795385
TSPOAP1	0.00022408139990116004
FBXO7	0.00022406961787219142
ITM2B	0.00022404536828779506
MLC1	0.00022389377548687444
HHAT	0.00022368891168136302
YME1L1	0.0002236060038690033
SV2A	0.00022357541026650756
KIF2A	0.00022191382098773443
ASXL3	0.00022172208733581972
PNPLA2	0.00022009497013071957
HUWE1	0.00021920942127298833
RPGRIP1	0.0002190444910858674
FHL1	0.0002189410356627848
HERC2	0.00021781841044661647
KCNB1	0.00021748102028795795
CHD5	0.00021701996271386928
FGFRL1	0.00021568652509544736
PON1	0.0002155315127460511
NDE1	0.00021453212670111528
UPF3B	0.00021346754819979449
SON	0.0002127010537054106
TMEM43	0.00021250949809720437
CLPB	0.00021244884810701762
HPD	0.0002119516519425119
UNC13A	0.0002114868503066997
LTBP4	0.00021121877183235792
PPA2	0.00021090953319144012
LRRC32	0.00021048559386649423
TOR1A	0.0002104672270257582
GNPTAB	0.00021020375936795156
ZNF423	0.0002099650794529626
NBEA	0.00020980915515324744
PPM1D	0.00020936932126364358
FOXG1	0.0002079772337998715
MME	0.00020752505962670214
SLC25A3	0.00020675537029102078
DLK1	0.0002066250479506518
FLRT3	0.0002064689072246495
PHIP	0.00020635776305939676
DDX11	0.0002060327609196795
FOXRED1	0.0002058534485264936
BCOR	0.0002058282874934247
BCORL1	0.00020558392731585145
FAR1	0.00020528326760999103
TCN2	0.00020518985212847416
SDHAF1	0.00020487160923117085
TRIM32	0.00020461989404598637
GAMT	0.00020439961790358308
APC2	0.00020402108955026003
SLC2A3	0.00020364582259860825
PROP1	0.00020357633697182408
NDUFAF2	0.00020316809319167474
MACF1	0.00020255787176775384
ZMIZ1	0.00020234861973184352
EPCAM	0.0002020938283770376
AUTS2	0.0002020374323105257
NELFA	0.00020174845483103928
SATB1	0.00020145140798596346
PLAGL1	0.00020097542829165298
DUSP6	0.00020060238584340587
KCNJ6	0.0002004167996034705
RPS6KA3	0.00020023482295614757
SEPSECS	0.00020010671123134064
FBXO11	0.0001998771140152068
USP45	0.00019905869070825386
SH2B1	0.00019891837192784418
SLC2A1	0.0001988743053280168
ERF	0.00019885646212892906
ZNF148	0.00019871140981588784
PHYH	0.00019818054100016134
DOCK11	0.00019793595588313715
RAP1GDS1	0.0001971334541550615
TAOK1	0.0001954487944583441
ADNP	0.00019485582506089053
CNKSR2	0.00019449098240547757
PDPN	0.00019389010086220425
HACE1	0.0001938895333708083
ATPAF2	0.00018637450083087038
LYRM7	0.00017644359537541266
C18ORF32	0.00013522922214929392
