ID	Description	GeneRatio	BgRatio	RichFactor	FoldEnrichment	zScore	pvalue	p.adjust	qvalue	geneID	Count
GO:0044782	cilium organization	51/315	425/18805	0.12	7.163809523809523	16.77578546633984	6.553477825049159e-29	2.5899344364594276e-25	2.1157385778342917e-25	DYNC2I1/IFT80/WDR35/DYNC2H1/DYNC2I2/TMEM107/TXNDC15/NPHP3/KCNQ1/NEK1/IFT172/TMEM237/INPP5E/KIAA0586/RPGRIP1L/AHI1/CEP120/MKS1/CEP41/CEP164/TMEM231/TMEM138/TMEM216/CC2D2A/TOGARAM1/TCTN1/C2CD3/KIAA0753/OFD1/CPLANE1/ARL13B/HYLS1/TCTN3/TCTN2/B9D2/PIBF1/ARMC9/CBY1/B9D1/ARL3/IFT74/USP9X/CCDC32/CLXN/FAM149B1/TMEM67/RPGRIP1/CEP290/IFT140/IQCB1/LCA5	51
GO:0060271	cilium assembly	49/315	395/18805	0.1240506329113924	7.4056258790436	16.793652648310793	1.8747018241652307e-28	3.704410804550496e-25	3.026163418270928e-25	DYNC2I1/IFT80/WDR35/DYNC2H1/DYNC2I2/TMEM107/TXNDC15/NPHP3/KCNQ1/NEK1/IFT172/TMEM237/INPP5E/KIAA0586/RPGRIP1L/AHI1/CEP120/MKS1/CEP41/CEP164/TMEM231/TMEM138/TMEM216/CC2D2A/TOGARAM1/TCTN1/C2CD3/KIAA0753/OFD1/CPLANE1/ARL13B/HYLS1/TCTN3/TCTN2/B9D2/PIBF1/ARMC9/CBY1/B9D1/ARL3/IFT74/USP9X/CLXN/FAM149B1/TMEM67/RPGRIP1/CEP290/IFT140/IQCB1	49
GO:0007224	smoothened signaling pathway	27/315	148/18805	0.18243243243243243	10.89092664092664	15.76735607042192	1.725849344567385e-20	2.273518869910102e-17	1.8572561192239195e-17	ZIC1/GLI3/IFT80/DYNC2H1/TXNDC15/EVC2/EVC/IFT172/HHAT/KIAA0586/RPGRIP1L/MKS1/TUBA1A/TMEM231/CC2D2A/TCTN1/C2CD3/SUFU/ARL13B/TCTN3/TCTN2/ARMC9/B9D1/ARL3/KIF7/GPC3/IFT140	27
GO:1905515	non-motile cilium assembly	18/315	65/18805	0.27692307692307694	16.531868131868134	16.37221813306824	1.623666785869372e-17	1.6041827844389398e-14	1.310470008489833e-14	IFT80/DYNC2H1/TMEM107/NPHP3/KCNQ1/IFT172/RPGRIP1L/MKS1/TMEM216/CC2D2A/TOGARAM1/C2CD3/ARL13B/PIBF1/IFT74/RPGRIP1/CEP290/IFT140	18
GO:0001654	eye development	34/315	415/18805	0.0819277108433735	4.890954293363932	10.461675754555863	2.1180180655134442e-14	1.4036799726212228e-11	1.1466776251942497e-11	GLI3/CHD7/COL4A1/SMARCA4/SOX4/SOX11/CDKN1C/IFT172/NPHP1/RPGRIP1L/AHI1/FKRP/LARGE1/RAB3GAP1/TMEM231/CC2D2A/FOXC1/B9D1/SMG9/LAMA1/MAB21L1/RAB18/TBC1D20/PTF1A/TFAP2A/RD3/RPGRIP1/CEP290/IFT140/USP45/RPE65/CRB1/TULP1/BMP4	34
GO:0043010	camera-type eye development	32/315	366/18805	0.08743169398907104	5.219533350680892	10.640161673420737	2.1310930758419374e-14	1.4036799726212228e-11	1.1466776251942497e-11	GLI3/CHD7/COL4A1/SMARCA4/SOX4/SOX11/CDKN1C/IFT172/NPHP1/RPGRIP1L/AHI1/FKRP/LARGE1/RAB3GAP1/TMEM231/CC2D2A/FOXC1/B9D1/LAMA1/MAB21L1/TBC1D20/PTF1A/TFAP2A/RD3/RPGRIP1/CEP290/IFT140/USP45/RPE65/CRB1/TULP1/BMP4	32
GO:0150063	visual system development	34/315	419/18805	0.081145584725537	4.844262605599122	10.386957946082333	2.8033461186613863e-14	1.5826891229928284e-11	1.2929116610427778e-11	GLI3/CHD7/COL4A1/SMARCA4/SOX4/SOX11/CDKN1C/IFT172/NPHP1/RPGRIP1L/AHI1/FKRP/LARGE1/RAB3GAP1/TMEM231/CC2D2A/FOXC1/B9D1/SMG9/LAMA1/MAB21L1/RAB18/TBC1D20/PTF1A/TFAP2A/RD3/RPGRIP1/CEP290/IFT140/USP45/RPE65/CRB1/TULP1/BMP4	34
GO:0048880	sensory system development	34/315	426/18805	0.07981220657276995	4.764662046352187	10.2584512493647	4.541790896288457e-14	2.2436447027664978e-11	1.832851668278513e-11	GLI3/CHD7/COL4A1/SMARCA4/SOX4/SOX11/CDKN1C/IFT172/NPHP1/RPGRIP1L/AHI1/FKRP/LARGE1/RAB3GAP1/TMEM231/CC2D2A/FOXC1/B9D1/SMG9/LAMA1/MAB21L1/RAB18/TBC1D20/PTF1A/TFAP2A/RD3/RPGRIP1/CEP290/IFT140/USP45/RPE65/CRB1/TULP1/BMP4	34
GO:0030900	forebrain development	33/315	413/18805	0.07990314769975787	4.7700910872823705	10.111703635776292	1.0640876103624408e-13	4.672526929058184e-11	3.8170253812650364e-11	KRAS/ZIC1/GLI3/DYNC2H1/CSF1R/CHD7/SEMA3E/POMGNT1/FGFR1/LAMB1/ROBO1/RPGRIP1L/TUBB2A/CEP120/SEMA6B/TUBA1A/POMT2/LARGE1/TUBB2B/RAB3GAP1/TCTN1/PRDM13/ARL13B/ADGRG1/PTEN/FAT4/CNTNAP2/PAFAH1B1/KIF14/PGAP1/OPHN1/BMP4/TRAPPC9	33
GO:0035269	protein O-linked mannosylation	10/315	19/18805	0.5263157894736842	31.420217209690893	17.315454471202518	1.2196380764107741e-13	4.8200096779753795e-11	3.9375052424756253e-11	FKTN/POMGNT2/CRPPA/RXYLT1/POMGNT1/FKRP/POMT2/LARGE1/POMT1/B4GAT1	10
GO:0035268	protein mannosylation	10/315	21/18805	0.47619047619047616	28.427815570672713	16.41416409006903	4.520514208260513e-13	1.624097468276868e-10	1.3267384762425832e-10	FKTN/POMGNT2/CRPPA/RXYLT1/POMGNT1/FKRP/POMT2/LARGE1/POMT1/B4GAT1	10
GO:0097502	mannosylation	10/315	22/18805	0.45454545454545453	27.135642135642133	16.009360294343455	8.16545091310648e-13	2.6891551673830673e-10	2.196792802675226e-10	FKTN/POMGNT2/CRPPA/RXYLT1/POMGNT1/FKRP/POMT2/LARGE1/POMT1/B4GAT1	10
GO:0061512	protein localization to cilium	15/315	74/18805	0.20270270270270271	12.101029601029602	12.488508714053962	1.2321738655198415e-12	3.7458085511803185e-10	3.0599815753436066e-10	IFT80/WDR35/DYNC2H1/TMEM107/INPP5E/ZNF423/CC2D2A/TCTN1/ARL13B/TCTN2/ARL3/FAM149B1/IFT140/SPATA7/TULP1	15
GO:0007389	pattern specification process	33/315	476/18805	0.06932773109243698	4.138755502200881	9.053229300999329	5.38279027806758e-12	1.5194847984945053e-9	1.2412795325438549e-9	ZIC1/GLI3/DYNC2H1/TMEM107/NPHP3/FGFR1/BCOR/ALX4/IFT172/ROBO1/APC2/RPGRIP1L/AHI1/MKS1/CC2D2A/PCGF2/TCTN1/C2CD3/FOXC1/OFD1/SUFU/ARL13B/IFT74/ADGRG1/PRKDC/WLS/DCHS1/GPC3/MEF2C/IFT140/PGAP1/MID1/BMP4	33
GO:0021537	telencephalon development	25/315	280/18805	0.08928571428571429	5.330215419501133	9.52843009393471	1.0704543756601118e-11	2.820290461739174e-9	2.303918294841799e-9	ZIC1/GLI3/CSF1R/CHD7/POMGNT1/LAMB1/ROBO1/RPGRIP1L/TUBB2A/CEP120/SEMA6B/TUBA1A/POMT2/LARGE1/TUBB2B/TCTN1/ARL13B/ADGRG1/PTEN/FAT4/CNTNAP2/PAFAH1B1/KIF14/BMP4/TRAPPC9	25
GO:0008589	regulation of smoothened signaling pathway	15/315	87/18805	0.1724137931034483	10.292829775588396	11.33939357437126	1.46183060708779e-11	3.6107215995068413e-9	2.9496279420646397e-9	ZIC1/GLI3/DYNC2H1/TXNDC15/EVC/IFT172/RPGRIP1L/MKS1/TCTN1/C2CD3/SUFU/ARMC9/KIF7/GPC3/IFT140	15
GO:0030326	embryonic limb morphogenesis	17/315	124/18805	0.13709677419354838	8.184459805427545	10.47651512522144	2.868345618590497e-11	6.297612158149802e-9	5.144570767378395e-9	GLI3/DYNC2H1/CHD7/AFF3/TMEM107/FGFR1/ALX4/RPGRIP1L/MKS1/TMEM231/LNPK/C2CD3/B9D1/GPC3/TFAP2A/IFT140/BMP4	17
GO:0035113	embryonic appendage morphogenesis	17/315	124/18805	0.13709677419354838	8.184459805427545	10.47651512522144	2.868345618590497e-11	6.297612158149802e-9	5.144570767378395e-9	GLI3/DYNC2H1/CHD7/AFF3/TMEM107/FGFR1/ALX4/RPGRIP1L/MKS1/TMEM231/LNPK/C2CD3/B9D1/GPC3/TFAP2A/IFT140/BMP4	17
GO:0030071	regulation of mitotic metaphase/anaphase transition	15/315	93/18805	0.16129032258064516	9.628776241679468	10.887859791901404	3.9632532973933514e-11	8.243566858578172e-9	6.734237043271694e-9	ARID1B/SMARCA4/SMARCB1/ARID1A/DPF2/SMARCC2/SMARCD1/ARID2/SMARCE1/BUB3/BUB1/TRIP13/BUB1B/KNL1/CENPF	15
GO:0007059	chromosome segregation	30/315	431/18805	0.06960556844547564	4.1553419511656164	8.649582656169551	4.773556967400179e-11	9.432548567582753e-9	7.705525904745448e-9	ARID1B/SMARCA4/SMARCB1/ARID1A/DPF2/SMARCC2/SMARCD1/ARID2/SMARCE1/ESCO2/BUB3/BUB1/TRIP13/BUB1B/CDC42/DDX3X/WASHC5/VPS4A/NCAPG2/KNL1/TUBB/DYNC1H1/CENPF/PIBF1/SASS6/MRE11/USP9X/PTEN/NUP37/KIF14	30
GO:1902099	regulation of metaphase/anaphase transition of cell cycle	15/315	96/18805	0.15625	9.327876984126984	10.677180212565196	6.343736739193972e-11	1.1938308377759323e-8	9.752501543412488e-9	ARID1B/SMARCA4/SMARCB1/ARID1A/DPF2/SMARCC2/SMARCD1/ARID2/SMARCE1/BUB3/BUB1/TRIP13/BUB1B/KNL1/CENPF	15
GO:0048736	appendage development	20/315	190/18805	0.10526315789473684	6.284043441938179	9.554844030866725	6.962457556906078e-11	1.1963318376040356e-8	9.772932415117135e-9	GLI3/IFT80/DYNC2H1/CHD7/AFF3/TMEM107/FGFR1/ALX4/IFT172/RPGRIP1L/MKS1/LARGE1/TMEM231/LNPK/C2CD3/B9D1/GPC3/TFAP2A/IFT140/BMP4	20
GO:0060173	limb development	20/315	190/18805	0.10526315789473684	6.284043441938179	9.554844030866725	6.962457556906078e-11	1.1963318376040356e-8	9.772932415117135e-9	GLI3/IFT80/DYNC2H1/CHD7/AFF3/TMEM107/FGFR1/ALX4/IFT172/RPGRIP1L/MKS1/LARGE1/TMEM231/LNPK/C2CD3/B9D1/GPC3/TFAP2A/IFT140/BMP4	20
GO:0007091	metaphase/anaphase transition of mitotic cell cycle	15/315	97/18805	0.15463917525773196	9.231713303878252	10.608997947581713	7.39198125899382e-11	1.2172129139809823e-8	9.943511632164057e-9	ARID1B/SMARCA4/SMARCB1/ARID1A/DPF2/SMARCC2/SMARCD1/ARID2/SMARCE1/BUB3/BUB1/TRIP13/BUB1B/KNL1/CENPF	15
GO:0035107	appendage morphogenesis	18/315	152/18805	0.11842105263157894	7.069548872180451	9.806540000719579	9.008275312013482e-11	1.3692578474260492e-8	1.1185579102002166e-8	GLI3/DYNC2H1/CHD7/AFF3/TMEM107/FGFR1/ALX4/RPGRIP1L/MKS1/LARGE1/TMEM231/LNPK/C2CD3/B9D1/GPC3/TFAP2A/IFT140/BMP4	18
GO:0035108	limb morphogenesis	18/315	152/18805	0.11842105263157894	7.069548872180451	9.806540000719579	9.008275312013482e-11	1.3692578474260492e-8	1.1185579102002166e-8	GLI3/DYNC2H1/CHD7/AFF3/TMEM107/FGFR1/ALX4/RPGRIP1L/MKS1/LARGE1/TMEM231/LNPK/C2CD3/B9D1/GPC3/TFAP2A/IFT140/BMP4	18
GO:0031503	protein-containing complex localization	21/315	216/18805	0.09722222222222222	5.804012345679013	9.268616631692124	1.03677829220325e-10	1.517536226217498e-8	1.2396877279482914e-8	HRAS/DYNC2I1/IFT80/WDR35/DYNC2H1/DYNC2I2/NUP88/RAPSN/WASHC5/KIF5A/IFT172/DAG1/ATR/RBM10/ARL3/IFT74/EPG5/GPC4/IFT140/LCA5/OPHN1	21
GO:0044784	metaphase/anaphase transition of cell cycle	15/315	100/18805	0.15	8.954761904761904	10.410228724262321	1.1566981706513228e-10	1.6325968465764386e-8	1.333681687739702e-8	ARID1B/SMARCA4/SMARCB1/ARID1A/DPF2/SMARCC2/SMARCD1/ARID2/SMARCE1/BUB3/BUB1/TRIP13/BUB1B/KNL1/CENPF	15
GO:0045663	positive regulation of myoblast differentiation	11/315	46/18805	0.2391304347826087	14.275707384403038	11.766402164608955	1.9379146255117452e-10	2.6409098620766955e-8	2.1573808190361245e-8	ARID1B/SMARCA4/SMARCB1/SOX4/ARID1A/SMARCC2/SMARCD1/ARID2/SMARCE1/MYOD1/MEF2C	11
GO:0099111	microtubule-based transport	21/315	226/18805	0.09292035398230089	5.547197640117995	8.976330316529069	2.414308252828899e-10	3.180448738393269e-8	2.598134530324994e-8	DYNC2I1/IFT80/WDR35/DYNC2H1/DYNC2I2/NPHP3/KIF21A/CDC42/KIF5A/LRPPRC/IFT172/TUBA1A/DYNC1H1/OFD1/KATNIP/ARL3/IFT74/PAFAH1B1/BICD2/IFT140/LCA5	21
GO:0033045	regulation of sister chromatid segregation	15/315	108/18805	0.1388888888888889	8.291446208112875	9.918626406040097	3.544378411945806e-10	4.518510801293492e-8	3.6912083495544274e-8	ARID1B/SMARCA4/SMARCB1/ARID1A/DPF2/SMARCC2/SMARCD1/ARID2/SMARCE1/BUB3/BUB1/TRIP13/BUB1B/KNL1/CENPF	15
GO:2000819	regulation of nucleotide-excision repair	9/315	28/18805	0.32142857142857145	19.188775510204085	12.571332636462813	4.83816866453826e-10	5.97513830070475e-8	4.8811392414930404e-8	ARID1B/SMARCA4/SMARCB1/ARID1A/DPF2/SMARCC2/SMARCD1/ARID2/SMARCE1	9
GO:0021543	pallium development	19/315	194/18805	0.0979381443298969	5.846751759122894	8.856838580985764	7.25348012076025e-10	8.686591950680153e-8	7.096147856577891e-8	ZIC1/GLI3/POMGNT1/LAMB1/ROBO1/TUBB2A/CEP120/SEMA6B/TUBA1A/POMT2/LARGE1/TUBB2B/ADGRG1/PTEN/FAT4/CNTNAP2/PAFAH1B1/KIF14/TRAPPC9	19
GO:0048568	embryonic organ development	29/315	457/18805	0.06345733041575492	3.788301899899274	7.8761770750659705	8.901686635045022e-10	1.0346901641675861e-7	8.452468393090738e-8	ZIC1/GLI3/DYNC2I1/CHD7/ARID2/SOX11/NPHP3/FGFR1/CDC42/CDKN1C/IGF2/KCNQ1/ALX4/IFT172/AHI1/MKS1/TUBB2B/CC2D2A/PCGF2/C2CD3/FOXC1/SUFU/ARL13B/GJB6/MEF2C/TFAP2A/CEP290/IFT140/BMP4	29
GO:0003002	regionalization	28/315	430/18805	0.06511627906976744	3.8873385012919894	7.905515572464749	9.900826171363688e-10	1.117944715120837e-7	9.1325816143075e-8	GLI3/DYNC2H1/TMEM107/NPHP3/FGFR1/ALX4/IFT172/ROBO1/RPGRIP1L/AHI1/MKS1/CC2D2A/PCGF2/TCTN1/C2CD3/FOXC1/OFD1/SUFU/ARL13B/IFT74/ADGRG1/PRKDC/WLS/GPC3/MEF2C/IFT140/PGAP1/BMP4	28
GO:0098813	nuclear chromosome segregation	24/315	322/18805	0.07453416149068323	4.449571132800947	8.149270835457719	1.1499222453432922e-9	1.2623590871101918e-7	1.0312314404876835e-7	ARID1B/SMARCA4/SMARCB1/ARID1A/DPF2/SMARCC2/SMARCD1/ARID2/SMARCE1/BUB3/BUB1/TRIP13/BUB1B/CDC42/WASHC5/VPS4A/NCAPG2/KNL1/DYNC1H1/CENPF/PIBF1/MRE11/PTEN/KIF14	24
GO:0051983	regulation of chromosome segregation	16/315	137/18805	0.11678832116788321	6.97207739543506	9.156906030054133	1.2523333111887617e-9	1.3376273637345908e-7	1.092718709933409e-7	ARID1B/SMARCA4/SMARCB1/ARID1A/DPF2/SMARCC2/SMARCD1/ARID2/SMARCE1/BUB3/BUB1/TRIP13/BUB1B/NCAPG2/KNL1/CENPF	16
GO:0010970	transport along microtubule	18/315	181/18805	0.09944751381215469	5.9368587213891075	8.710948530378312	1.6030680266557874e-9	1.667190747722019e-7	1.3619417279095013e-7	DYNC2I1/IFT80/WDR35/DYNC2H1/DYNC2I2/KIF21A/CDC42/KIF5A/LRPPRC/IFT172/TUBA1A/DYNC1H1/ARL3/IFT74/PAFAH1B1/BICD2/IFT140/LCA5	18
GO:1901990	regulation of mitotic cell cycle phase transition	25/315	358/18805	0.06983240223463687	4.168883568324909	7.901269307423621	1.969032709739186e-9	1.9952864792023748e-7	1.6299658085749214e-7	ARID1B/SMARCA4/SMARCB1/ARID1A/DPF2/SMARCC2/SMARCD1/ARID2/SMARCE1/BUB3/BUB1/TRIP13/BUB1B/DDX3X/CDKN1C/VPS4A/KNL1/CENPF/ATR/SASS6/MRE11/CPSF3/PTEN/PRKDC/KIF14	25
GO:0030705	cytoskeleton-dependent intracellular transport	19/315	207/18805	0.09178743961352658	5.479564450578944	8.4586252232877	2.1683378817398037e-9	2.142317827158926e-7	1.7500769166568364e-7	DYNC2I1/IFT80/WDR35/DYNC2H1/DYNC2I2/KIF21A/CDC42/KIF5A/LRPPRC/IFT172/TUBA1A/TUBB/DYNC1H1/ARL3/IFT74/PAFAH1B1/BICD2/IFT140/LCA5	19
GO:0001895	retina homeostasis	11/315	57/18805	0.19298245614035087	11.520746310219995	10.382894625526864	2.2750029737019487e-9	2.192880915139049e-7	1.7913823158777606e-7	NPHP3/EPG5/RDH12/USP45/RPE65/CRB1/IQCB1/AIPL1/SPATA7/TULP1/LCA5	11
GO:0021761	limbic system development	15/315	125/18805	0.12	7.163809523809523	9.02459503406765	2.8403792397372816e-9	2.672661608438509e-7	2.1833190797679808e-7	ZIC1/GLI3/SEMA3E/POMGNT1/FGFR1/SEMA6B/TUBA1A/POMT2/LARGE1/RAB3GAP1/PRDM13/PTEN/CNTNAP2/PAFAH1B1/KIF14	15
GO:0045661	regulation of myoblast differentiation	12/315	76/18805	0.15789473684210525	9.426065162907268	9.60696607989078	4.713409177479667e-9	4.331951876604569e-7	3.538806841451687e-7	ARID1B/SMARCA4/SMARCB1/SOX4/ARID1A/SMARCC2/SMARCD1/ARID2/SMARCE1/MYOD1/MEF2C/BMP4	12
GO:0033044	regulation of chromosome organization	20/315	244/18805	0.08196721311475409	4.893312516263336	7.989607348533951	5.8040022485489185e-9	5.213049292333028e-7	4.258582511076444e-7	ARID1B/SMARCA4/SMARCB1/ARID1A/DPF2/SMARCC2/SMARCD1/ARID2/SMARCE1/BUB3/BUB1/TRIP13/BUB1B/NCAPG2/H3-3A/KNL1/CENPF/MAPKAPK5/ATR/MRE11	20
GO:0042073	intraciliary transport	10/315	50/18805	0.2	11.93968253968254	10.109813168725976	8.562922160876076e-9	7.5201485288405e-7	6.143270705826182e-7	DYNC2I1/IFT80/WDR35/DYNC2H1/DYNC2I2/IFT172/ARL3/IFT74/IFT140/LCA5	10
GO:0007368	determination of left/right symmetry	15/315	136/18805	0.11029411764705882	6.5843837535014	8.530924999875339	9.178985939087093e-9	7.885946180711346e-7	6.442093792947395e-7	DYNC2H1/TMEM107/NPHP3/IFT172/RPGRIP1L/AHI1/MKS1/CC2D2A/C2CD3/OFD1/SUFU/ARL13B/IFT74/MEF2C/IFT140	15
GO:0070316	regulation of G0 to G1 transition	9/315	38/18805	0.23684210526315788	14.139097744360901	10.582099904245446	9.855388469903951e-9	8.286913879374556e-7	6.769647578319243e-7	ARID1B/SMARCA4/SMARCB1/ARID1A/DPF2/SMARCC2/SMARCD1/ARID2/SMARCE1	9
GO:0045023	G0 to G1 transition	9/315	40/18805	0.225	13.432142857142857	10.273386939572205	1.6052234554518634e-8	1.321633978322034e-6	1.0796535828664177e-6	ARID1B/SMARCA4/SMARCB1/ARID1A/DPF2/SMARCC2/SMARCD1/ARID2/SMARCE1	9
GO:0000819	sister chromatid segregation	19/315	234/18805	0.0811965811965812	4.847307013973681	7.729636493229834	1.6390910174926153e-8	1.3219770818634317e-6	1.0799338669494846e-6	ARID1B/SMARCA4/SMARCB1/ARID1A/DPF2/SMARCC2/SMARCD1/ARID2/SMARCE1/BUB3/BUB1/TRIP13/BUB1B/VPS4A/NCAPG2/KNL1/CENPF/PIBF1/KIF14	19
GO:0060972	left/right pattern formation	15/315	143/18805	0.1048951048951049	6.262071262071262	8.244372272806652	1.826618337367332e-8	1.4437591338551394e-6	1.1794186190959174e-6	DYNC2H1/TMEM107/NPHP3/IFT172/RPGRIP1L/AHI1/MKS1/CC2D2A/C2CD3/OFD1/SUFU/ARL13B/IFT74/MEF2C/IFT140	15
GO:0009799	specification of symmetry	15/315	146/18805	0.10273972602739725	6.133398564905414	8.1273539328561	2.4228207301481734e-8	1.8413437549126117e-6	1.504208740762034e-6	DYNC2H1/TMEM107/NPHP3/IFT172/RPGRIP1L/AHI1/MKS1/CC2D2A/C2CD3/OFD1/SUFU/ARL13B/IFT74/MEF2C/IFT140	15
GO:0009855	determination of bilateral symmetry	15/315	146/18805	0.10273972602739725	6.133398564905414	8.1273539328561	2.4228207301481734e-8	1.8413437549126117e-6	1.504208740762034e-6	DYNC2H1/TMEM107/NPHP3/IFT172/RPGRIP1L/AHI1/MKS1/CC2D2A/C2CD3/OFD1/SUFU/ARL13B/IFT74/MEF2C/IFT140	15
GO:0070085	glycosylation	19/315	241/18805	0.07883817427385892	4.706513864190212	7.558755766335732	2.640267298209708e-8	1.968742709910333e-6	1.6082819868141359e-6	FKTN/POMGNT2/B3GALNT2/CRPPA/RXYLT1/POMK/POMGNT1/B4GALT1/ALG3/SRD5A3/COG1/GMPPB/FKRP/POMT2/LARGE1/POMT1/PMM2/B4GAT1/COG8	19
GO:0006337	nucleosome disassembly	7/315	21/18805	0.3333333333333333	19.8994708994709	11.310379995813543	3.2915774242827375e-8	2.4089470334750705e-6	1.9678884912817068e-6	SMARCA4/SMARCB1/ARID1A/SMARCC2/SMARCD1/ARID2/SMARCE1	7
GO:0001894	tissue homeostasis	20/315	272/18805	0.07352941176470588	4.389589169000934	7.349716628284938	3.6335115903115516e-8	2.5192347026160088e-6	2.057983388270642e-6	KRAS/IFT80/CSF1R/NPHP3/FOSL2/MKS1/TUBA1A/ZEB2/FOXC1/GJB6/EPG5/RDH12/USP45/RPE65/CRB1/IQCB1/AIPL1/SPATA7/TULP1/LCA5	20
GO:0003007	heart morphogenesis	20/315	272/18805	0.07352941176470588	4.389589169000934	7.349716628284938	3.6335115903115516e-8	2.5192347026160088e-6	2.057983388270642e-6	CHD7/SOX4/ARID2/SOX11/NPHP3/ASXL1/CDC42/IFT172/ROBO1/DAG1/AHI1/MKS1/FKRP/C2CD3/FOXC1/SUFU/ARL13B/DCHS1/MEF2C/BMP4	20
GO:0060249	anatomical structure homeostasis	20/315	272/18805	0.07352941176470588	4.389589169000934	7.349716628284938	3.6335115903115516e-8	2.5192347026160088e-6	2.057983388270642e-6	KRAS/IFT80/CSF1R/NPHP3/FOSL2/MKS1/TUBA1A/ZEB2/FOXC1/GJB6/EPG5/RDH12/USP45/RPE65/CRB1/IQCB1/AIPL1/SPATA7/TULP1/LCA5	20
GO:0048562	embryonic organ morphogenesis	21/315	302/18805	0.0695364238410596	4.15121412803532	7.205634922029015	4.319738956978082e-8	2.9151906902577377e-6	2.3814430660080124e-6	ZIC1/GLI3/DYNC2I1/CHD7/SOX11/NPHP3/FGFR1/KCNQ1/ALX4/IFT172/AHI1/PCGF2/C2CD3/SUFU/ARL13B/GJB6/MEF2C/TFAP2A/CEP290/IFT140/BMP4	21
GO:0060041	retina development in camera-type eye	16/315	175/18805	0.09142857142857143	5.458140589569161	7.733539347338979	4.352131850334173e-8	2.9151906902577377e-6	2.3814430660080124e-6	CHD7/COL4A1/SMARCA4/NPHP1/RPGRIP1L/AHI1/LARGE1/LAMA1/PTF1A/TFAP2A/RD3/RPGRIP1/USP45/RPE65/CRB1/TULP1	16
GO:0042733	embryonic digit morphogenesis	10/315	60/18805	0.16666666666666666	9.94973544973545	9.062646567190757	5.4198184830312496e-8	3.5698537741565827e-6	2.9162426820099727e-6	GLI3/TMEM107/ALX4/MKS1/TMEM231/LNPK/C2CD3/B9D1/IFT140/BMP4	10
GO:0072001	renal system development	22/315	336/18805	0.06547619047619048	3.9088246409674983	7.022268503496917	5.96843465162555e-8	3.866762908725274e-6	3.1587901771415985e-6	GLI3/DYNC2H1/COL4A1/SOX4/SOX11/NPHP3/ASXL1/FGFR1/CDKN1C/RPGRIP1L/AHI1/CENPF/CC2D2A/FOXC1/ARL3/DCHS1/GPC3/MEF2C/TFAP2A/CEP290/GDF6/BMP4	22
GO:0045445	myoblast differentiation	13/315	114/18805	0.11403508771929824	6.807713728766359	8.118079511938992	6.077719035634991e-8	3.874055746585401e-6	3.164747755907049e-6	NRAS/ARID1B/SMARCA4/SMARCB1/SOX4/ARID1A/SMARCC2/SMARCD1/ARID2/SMARCE1/MYOD1/MEF2C/BMP4	13
GO:0021915	neural tube development	15/315	157/18805	0.09554140127388536	5.703670003033061	7.7247153277622385	6.442282975308463e-8	4.041254336256991e-6	3.301333648332675e-6	GLI3/TMEM107/PHGDH/IFT172/RPGRIP1L/MKS1/CC2D2A/TCTN1/C2CD3/SUFU/ARL13B/CBY1/DCHS1/IFT140/BMP4	15
GO:0032986	protein-DNA complex disassembly	7/315	23/18805	0.30434782608695654	18.169082125603868	10.753554004716571	6.742718363093294e-8	4.163628589210109e-6	3.401302174277489e-6	SMARCA4/SMARCB1/ARID1A/SMARCC2/SMARCD1/ARID2/SMARCE1	7
GO:1904491	protein localization to ciliary transition zone	5/315	8/18805	0.625	37.31150793650794	13.40778230492122	6.866429941554947e-8	4.174789404465408e-6	3.4104195353439706e-6	TMEM107/CC2D2A/TCTN1/TCTN2/SPATA7	5
GO:0090596	sensory organ morphogenesis	20/315	286/18805	0.06993006993006994	4.174714174714175	7.061400180940168	8.317986158643494e-8	4.980709287721074e-6	4.0687820651610205e-6	ZIC1/GLI3/CHD7/SOX4/SOX11/FGFR1/KCNQ1/IFT172/RPGRIP1L/AHI1/LARGE1/GJB6/TBC1D20/PTF1A/TFAP2A/RPGRIP1/CEP290/CRB1/TULP1/BMP4	20
GO:0006493	protein O-linked glycosylation	12/315	99/18805	0.12121212121212122	7.236171236171237	8.120020144165274	9.960349147509317e-8	5.84283077426664e-6	4.773056143371986e-6	FKTN/POMGNT2/B3GALNT2/CRPPA/RXYLT1/POMK/POMGNT1/FKRP/POMT2/LARGE1/POMT1/B4GAT1	12
GO:1901987	regulation of cell cycle phase transition	26/315	468/18805	0.05555555555555555	3.31657848324515	6.6239606654360514	1.0053453761389968e-7	5.84283077426664e-6	4.773056143371986e-6	ARID1B/SMARCA4/SMARCB1/ARID1A/DPF2/SMARCC2/SMARCD1/ARID2/SMARCE1/BUB3/BUB1/TRIP13/BUB1B/DDX3X/CDKN1C/VPS4A/KNL1/CENPF/ATR/SASS6/MRE11/CPSF3/PTEN/TAF1/PRKDC/KIF14	26
GO:0001822	kidney development	21/315	325/18805	0.06461538461538462	3.8574358974358973	6.782333421486852	1.500809685354264e-7	8.595941850029061e-6	7.022095049552293e-6	GLI3/DYNC2H1/SOX4/SOX11/NPHP3/ASXL1/FGFR1/CDKN1C/RPGRIP1L/AHI1/CENPF/CC2D2A/FOXC1/ARL3/DCHS1/GPC3/MEF2C/TFAP2A/CEP290/GDF6/BMP4	21
GO:0048592	eye morphogenesis	15/315	168/18805	0.08928571428571429	5.330215419501133	7.358479477705971	1.5796622155003268e-7	8.918321536653273e-6	7.2854496465255675e-6	GLI3/SOX4/SOX11/IFT172/RPGRIP1L/AHI1/LARGE1/TBC1D20/PTF1A/TFAP2A/RPGRIP1/CEP290/CRB1/TULP1/BMP4	15
GO:0071711	basement membrane organization	8/315	38/18805	0.21052631578947367	12.568086883876358	9.316823231542628	1.7915437559525026e-7	9.97208580778069e-6	8.14627827947565e-6	COL4A1/POMGNT1/LAMB1/DAG1/FKRP/POMT2/LARGE1/LAMA1	8
GO:0006486	protein glycosylation	17/315	221/18805	0.07692307692307693	4.592185592185593	7.011278972619486	2.058073842777637e-7	1.1141791543366058e-5	9.101820440950271e-6	FKTN/POMGNT2/B3GALNT2/CRPPA/RXYLT1/POMK/POMGNT1/B4GALT1/ALG3/SRD5A3/GMPPB/FKRP/POMT2/LARGE1/POMT1/PMM2/B4GAT1	17
GO:0043413	macromolecule glycosylation	17/315	221/18805	0.07692307692307693	4.592185592185593	7.011278972619486	2.058073842777637e-7	1.1141791543366058e-5	9.101820440950271e-6	FKTN/POMGNT2/B3GALNT2/CRPPA/RXYLT1/POMK/POMGNT1/B4GALT1/ALG3/SRD5A3/GMPPB/FKRP/POMT2/LARGE1/POMT1/PMM2/B4GAT1	17
GO:0044772	mitotic cell cycle phase transition	25/315	457/18805	0.05470459518599562	3.265777499913167	6.400191027614707	2.3903443875597203e-7	1.2765731107616236e-5	1.0428429924104783e-5	ARID1B/SMARCA4/SMARCB1/ARID1A/DPF2/SMARCC2/SMARCD1/ARID2/SMARCE1/BUB3/BUB1/TRIP13/BUB1B/DDX3X/CDKN1C/VPS4A/KNL1/CENPF/ATR/SASS6/MRE11/CPSF3/PTEN/PRKDC/KIF14	25
GO:0060562	epithelial tube morphogenesis	21/315	337/18805	0.06231454005934718	3.7200791295746787	6.576555633284959	2.7459980623620114e-7	1.4469579123272893e-5	1.1820317273353388e-5	KRAS/GLI3/CSF1R/SEMA3E/COL4A1/NPHP3/IFT172/DAG1/AHI1/MKS1/CC2D2A/TCTN1/C2CD3/SUFU/ARL13B/LAMA1/DCHS1/GPC3/MEF2C/CEP290/BMP4	21
GO:0021987	cerebral cortex development	13/315	130/18805	0.1	5.96984126984127	7.421570744892895	2.8872284290784885e-7	1.4886012858765303e-5	1.2160505390430745e-5	GLI3/LAMB1/ROBO1/TUBB2A/CEP120/TUBA1A/TUBB2B/ADGRG1/FAT4/CNTNAP2/PAFAH1B1/KIF14/TRAPPC9	13
GO:2000045	regulation of G1/S transition of mitotic cell cycle	15/315	176/18805	0.08522727272727272	5.0879329004329	7.1117628111818885	2.9003618171177336e-7	1.4886012858765303e-5	1.2160505390430745e-5	ARID1B/SMARCA4/SMARCB1/ARID1A/DPF2/SMARCC2/SMARCD1/ARID2/SMARCE1/DDX3X/SASS6/CPSF3/PTEN/PRKDC/KIF14	15
GO:1902806	regulation of cell cycle G1/S phase transition	16/315	205/18805	0.07804878048780488	4.659388308168796	6.876079624694009	3.8730736528791276e-7	1.9623573174587577e-5	1.6030657076086755e-5	ARID1B/SMARCA4/SMARCB1/ARID1A/DPF2/SMARCC2/SMARCD1/ARID2/SMARCE1/DDX3X/SASS6/CPSF3/PTEN/TAF1/PRKDC/KIF14	16
GO:2000781	positive regulation of double-strand break repair	11/315	94/18805	0.11702127659574468	6.985984464707869	7.5938664544470695	4.909379697563874e-7	2.455932729718029e-5	2.006271489997122e-5	ARID1B/SMARCA4/SMARCB1/ARID1A/DPF2/SMARCC2/SMARCD1/ARID2/SMARCE1/PRKDC/TRRAP	11
GO:0048593	camera-type eye morphogenesis	13/315	137/18805	0.0948905109489051	5.664812883790986	7.152494918654369	5.312469604247296e-7	2.624359984498164e-5	2.1438610889771654e-5	GLI3/SOX4/SOX11/IFT172/RPGRIP1L/AHI1/LARGE1/TBC1D20/PTF1A/TFAP2A/RPGRIP1/CRB1/BMP4	13
GO:0045494	photoreceptor cell maintenance	8/315	44/18805	0.18181818181818182	10.854256854256853	8.54150043218093	5.949821895223669e-7	2.902925448138758e-5	2.3714234896232612e-5	NPHP3/RDH12/USP45/CRB1/IQCB1/SPATA7/TULP1/LCA5	8
GO:0007018	microtubule-based movement	25/315	481/18805	0.05197505197505198	3.102828102828103	6.097869300718855	6.187292148600424e-7	2.9819729964962046e-5	2.4359980769906937e-5	DYNC2I1/IFT80/WDR35/DYNC2H1/DYNC2I2/NPHP3/KIF21A/CDC42/KIF5A/LRPPRC/IFT172/TUBA1A/DYNC1H1/OFD1/KATNIP/ARL3/IFT74/CLXN/PAFAH1B1/KIF7/BICD2/KIF14/TUBB4B/IFT140/LCA5	25
GO:0021532	neural tube patterning	7/315	32/18805	0.21875	13.059027777777779	8.91112195240937	8.133167041923125e-7	3.872563391527734e-5	3.1635286388811955e-5	GLI3/TMEM107/RPGRIP1L/TCTN1/ARL13B/IFT140/BMP4	7
GO:0001764	neuron migration	15/315	191/18805	0.078534031413612565	4.688357018199951	6.687160143869654	8.295336418235831e-7	3.902758276770001e-5	3.188195087058809e-5	TBC1D24/SEMA3E/POMGNT2/FGFR1/TUBB2A/TUBA1A/FKRP/LARGE1/TUBB2B/USP9X/ADGRG1/RAC1/PAFAH1B1/ARHGEF2/MEF2C	15
GO:0021510	spinal cord development	11/315	100/18805	0.11	6.566825396825397	7.285186702356658	9.212197714049507e-7	4.283130043049841e-5	3.4989238871814046e-5	ZIC1/GLI3/IFT80/DYNC2H1/SOX4/SOX11/PHGDH/IFT172/TCTN1/SUFU/VLDLR	11
GO:2000779	regulation of double-strand break repair	13/315	145/18805	0.0896551724137931	5.352271483305966	6.86682693007392	1.0191605068041631e-6	4.6833980498721545e-5	3.825906088578174e-5	ARID1B/SMARCA4/SMARCB1/ARID1A/DPF2/SMARCC2/SMARCD1/ARID2/SMARCE1/ATR/MRE11/PRKDC/TRRAP	13
GO:0006289	nucleotide-excision repair	10/315	83/18805	0.12048192771084337	7.192579843182252	7.379832132312683	1.2444918572946642e-6	5.653140023021279e-5	4.618096220596172e-5	ARID1B/SMARCA4/SMARCB1/ARID1A/DPF2/SMARCC2/SMARCD1/ARID2/SMARCE1/USP45	10
GO:0035272	exocrine system development	8/315	50/18805	0.16	9.551746031746033	7.903022261727811	1.651751021701736e-6	7.417863679278705e-5	6.059713377463187e-5	FGFR1/CDC42/IGF2/DAG1/FOXC1/LAMA1/WLS/PTF1A	8
GO:0035137	hindlimb morphogenesis	7/315	36/18805	0.19444444444444445	11.608024691358025	8.315285168702838	1.9044646498147285e-6	8.45667898434585e-5	6.90833007803876e-5	CHD7/AFF3/ALX4/RPGRIP1L/LARGE1/GPC3/BMP4	7
GO:0048839	inner ear development	15/315	205/18805	0.07317073170731707	4.368176538908246	6.328885628196386	2.0204251497592628e-6	8.87191132427623e-5	7.247536765276794e-5	ZIC1/GLI3/CHD7/FGFR1/KCNQ1/RPGRIP1L/AHI1/MKS1/GJB6/GJB2/DCHS1/PAFAH1B1/TFAP2A/CEP290/BMP4	15
GO:0003407	neural retina development	10/315	88/18805	0.11363636363636363	6.783910533910533	7.09833881549096	2.145056651781614e-6	9.31567460202301e-5	7.610050608460625e-5	SMARCA4/RPGRIP1L/AHI1/LARGE1/PTF1A/TFAP2A/RPGRIP1/USP45/RPE65/CRB1	10
GO:0042461	photoreceptor cell development	8/315	52/18805	0.15384615384615385	9.184371184371185	7.713714402180693	2.2489217996104695e-6	9.601908357200308e-5	7.84387729904468e-5	RPGRIP1L/AHI1/ARL3/RPGRIP1/CEP290/IFT140/CRB1/TULP1	8
GO:0035721	intraciliary retrograde transport	5/315	14/18805	0.35714285714285715	21.320861678004533	9.927574018810862	2.259558393774364e-6	9.601908357200308e-5	7.84387729904468e-5	DYNC2I1/WDR35/DYNC2H1/DYNC2I2/IFT140	5
GO:0045880	positive regulation of smoothened signaling pathway	7/315	37/18805	0.1891891891891892	11.294294294294295	8.1808868688043	2.3153534886054318e-6	9.734337220179432e-5	7.952059517976327e-5	DYNC2H1/TXNDC15/EVC/IFT172/ARMC9/KIF7/GPC3	7
GO:0046530	photoreceptor cell differentiation	9/315	70/18805	0.12857142857142856	7.6755102040816325	7.30329053738221	2.4574069740085255e-6	1.0222813011875466e-4	8.351099378708198e-5	RPGRIP1L/AHI1/ARL3/EPG5/RPGRIP1/CEP290/IFT140/CRB1/TULP1	9
GO:0007411	axon guidance	16/315	238/18805	0.06722689075630252	4.013338668800853	6.106291000378927	2.7960097680488965e-6	1.151024021180129e-4	9.40280916513812e-5	DPYSL5/GLI3/CSF1R/SEMA3E/CRPPA/KIF21A/KIF5A/ROBO1/DAG1/SEMA6B/TUBB2B/TUBB3/RAC1/B4GAT1/OPHN1/L1CAM	16
GO:0097485	neuron projection guidance	16/315	239/18805	0.06694560669456066	3.9965464567975024	6.085170274819562	2.9518814048201887e-6	1.2026634342112768e-4	9.82465574452905e-5	DPYSL5/GLI3/CSF1R/SEMA3E/CRPPA/KIF21A/KIF5A/ROBO1/DAG1/SEMA6B/TUBB2B/TUBB3/RAC1/B4GAT1/OPHN1/L1CAM	16
GO:0021766	hippocampus development	10/315	94/18805	0.10638297872340426	6.350894967916245	6.78818697871643	3.932671098946036e-6	1.585909814595381e-4	1.2955426702972604e-4	ZIC1/GLI3/POMGNT1/SEMA6B/TUBA1A/POMT2/LARGE1/PTEN/PAFAH1B1/KIF14	10
GO:0060348	bone development	15/315	219/18805	0.0684931506849315	4.088932376603609	6.001356614945654	4.564561165815604e-6	1.822135932050835e-4	1.4885177135094585e-4	EBP/GLI3/IFT80/TMEM107/ASXL1/EVC/IFT172/FOSL2/LARGE1/FOXC1/DCHS1/PAFAH1B1/MEF2C/TFAP2A/BMP4	15
GO:0035116	embryonic hindlimb morphogenesis	6/315	28/18805	0.21428571428571427	12.79251700680272	8.150502150652935	5.815788033469396e-6	2.2983994308271058e-4	1.877581252489541e-4	CHD7/AFF3/ALX4/RPGRIP1L/GPC3/BMP4	6
GO:0060541	respiratory system development	15/315	226/18805	0.06637168141592921	3.9622840286557106	5.847654321860998	6.690749737977837e-6	2.6180042539097437e-4	2.1386690407897892e-4	KRAS/GLI3/CHD7/SOX11/NPHP3/ASXL1/FGFR1/CDC42/FOSL2/DAG1/RPGRIP1L/FKRP/LAMA1/GPC3/BMP4	15
GO:0010720	positive regulation of cell development	22/315	447/18805	0.049217002237136466	2.9381769113312735	5.413104822220604	7.109865918650384e-6	2.754724520637874e-4	2.2503569424665355e-4	KRAS/GLI3/TBC1D24/ARID1B/SMARCA4/SMARCB1/SOX4/ARID1A/SMARCC2/SMARCD1/ARID2/SMARCE1/SOX11/MYOD1/ROBO1/DAG1/MPL/PRKDC/MACF1/PAFAH1B1/L1CAM/BMP4	22
GO:0043583	ear development	15/315	232/18805	0.06465517241379311	3.8598111658456484	5.720740698526228	9.173039156911937e-6	3.5195971600112595e-4	2.875187643765857e-4	ZIC1/GLI3/CHD7/FGFR1/KCNQ1/RPGRIP1L/AHI1/MKS1/GJB6/GJB2/DCHS1/PAFAH1B1/TFAP2A/CEP290/BMP4	15
GO:0055123	digestive system development	12/315	151/18805	0.07947019867549669	4.744244717754652	6.029463296279536	9.297288050389011e-6	3.5329694591478244e-4	2.8861115840630666e-4	GLI3/SOX11/NPHP3/CDKN1C/IGF2/KCNQ1/ALX4/IFT172/AHI1/WLS/DCHS1/PTF1A	12
GO:0060563	neuroepithelial cell differentiation	7/315	46/18805	0.15217391304347827	9.084541062801934	7.16541565031641	1.0579338789308646e-5	3.98186160908074e-4	3.2528152447929443e-4	IFT80/SOX4/SOX11/TUBB/TMEM231/B9D1/BMP4	7
GO:0035050	embryonic heart tube development	9/315	85/18805	0.10588235294117647	6.321008403361344	6.417449030208365	1.2489817693497507e-5	4.6565810872360513e-4	3.80399909294507e-4	NPHP3/CDC42/IFT172/AHI1/C2CD3/FOXC1/SUFU/ARL13B/MEF2C	9
GO:0000082	G1/S transition of mitotic cell cycle	15/315	240/18805	0.0625	3.7311507936507935	5.557964466989378	1.3742661841479707e-5	5.075794354909141e-4	4.146457832544837e-4	ARID1B/SMARCA4/SMARCB1/ARID1A/DPF2/SMARCC2/SMARCD1/ARID2/SMARCE1/DDX3X/SASS6/CPSF3/PTEN/PRKDC/KIF14	15
GO:0044843	cell cycle G1/S phase transition	16/315	271/18805	0.05904059040590406	3.5246295320096057	5.463987117864657	1.4492450068552201e-5	5.303163210270213e-4	4.3321973060672127e-4	ARID1B/SMARCA4/SMARCB1/ARID1A/DPF2/SMARCC2/SMARCD1/ARID2/SMARCE1/DDX3X/SASS6/CPSF3/PTEN/TAF1/PRKDC/KIF14	16
GO:0001701	in utero embryonic development	20/315	403/18805	0.04962779156327544	2.962700382055221	5.1985946974060004	1.6546742567814703e-5	5.999332718165478e-4	4.900903858569551e-4	GLI3/CHD7/SMARCB1/FGFR1/BCOR/CDKN1C/IGF2/NCAPG2/RPGRIP1L/FKRP/TMEM231/PCGF2/TCTN1/C2CD3/FOXC1/B9D1/SMG9/NSRP1/CPT2/INTS1	20
GO:0045621	positive regulation of lymphocyte differentiation	11/315	137/18805	0.08029197080291971	4.7933032093616035	5.8162208443878605	1.9895486619261984e-5	7.147905738120306e-4	5.839182532179571e-4	GLI3/ARID1B/SMARCA4/SMARCB1/SOX4/ARID1A/SMARCC2/SMARCD1/ARID2/SMARCE1/PRKDC	11
GO:0045739	positive regulation of DNA repair	11/315	138/18805	0.07971014492753623	4.758569128134345	5.784112939173517	2.1301085866907285e-5	7.5839541753169e-4	6.195394059156438e-4	ARID1B/SMARCA4/SMARCB1/ARID1A/DPF2/SMARCC2/SMARCD1/ARID2/SMARCE1/PRKDC/TRRAP	11
GO:0021772	olfactory bulb development	6/315	35/18805	0.17142857142857143	10.234013605442177	7.136813346700286	2.2702664798851027e-5	8.010797436166005e-4	6.544085802450761e-4	ZIC1/CSF1R/CHD7/ROBO1/RPGRIP1L/KIF14	6
GO:0060021	roof of mouth development	9/315	92/18805	0.09782608695652174	5.840062111801243	6.074143983564124	2.3789476966401398e-5	8.320001147895427e-4	6.796676838002151e-4	GLI3/CHD7/SOX11/TMEM107/BCOR/ALX4/IFT172/LRRC32/TFAP2A	9
GO:0006282	regulation of DNA repair	14/315	227/18805	0.06167400881057269	3.681840430739109	5.305891021537769	3.078751863831317e-5	0.00106730064612819	8.718866081598016e-4	ARID1B/SMARCA4/SMARCB1/ARID1A/DPF2/SMARCC2/SMARCD1/ARID2/SMARCE1/ATR/TAF4/MRE11/PRKDC/TRRAP	14
GO:0021988	olfactory lobe development	6/315	37/18805	0.16216216216216217	9.680823680823682	6.898660017930282	3.161332766866856e-5	0.0010863988777963319	8.87488109471913e-4	ZIC1/CSF1R/CHD7/ROBO1/RPGRIP1L/KIF14	6
GO:0007409	axonogenesis	21/315	459/18805	0.0457516339869281	2.7312999273783585	4.901397236358926	3.3948800328325104e-5	0.001156600507737421	9.448363938926778e-4	DPYSL5/GLI3/CSF1R/SEMA3E/CRPPA/KIF21A/KIF5A/ROBO1/DAG1/SEMA6B/TUBB2B/TUBB3/TCTN1/USP9X/PTEN/RAC1/MACF1/PAFAH1B1/B4GAT1/OPHN1/L1CAM	21
GO:0051054	positive regulation of DNA metabolic process	16/315	293/18805	0.05460750853242321	3.2599815808006936	5.088900758557548	3.758254565514058e-5	0.0012694548754625262	0.0010370280479020798	ARID1B/SMARCA4/SMARCB1/ARID1A/DPF2/SMARCC2/SMARCD1/ARID2/SMARCE1/FGFR1/CDC42/MAPKAPK5/ATR/MRE11/PRKDC/TRRAP	16
GO:0009101	glycoprotein biosynthetic process	17/315	326/18805	0.05214723926380368	3.1131074106534227	5.023461555596957	3.860376240059191e-5	0.0012928988898910105	0.0010561796546174433	FKTN/POMGNT2/B3GALNT2/CRPPA/RXYLT1/POMK/POMGNT1/B4GALT1/ALG3/SRD5A3/GMPPB/FKRP/POMT2/LARGE1/POMT1/PMM2/B4GAT1	17
GO:0045582	positive regulation of T cell differentiation	10/315	122/18805	0.08196721311475409	4.893312516263336	5.631029686856527	3.968877233826284e-5	0.001297473838628776	0.0010599169675778967	GLI3/ARID1B/SMARCA4/SMARCB1/SOX4/ARID1A/SMARCC2/SMARCD1/ARID2/SMARCE1	10
GO:0001738	morphogenesis of a polarized epithelium	7/315	56/18805	0.125	7.462301587301587	6.321266840674109	3.972528706327983e-5	0.001297473838628776	0.0010599169675778967	CDC42/NPHP1/RPGRIP1L/AHI1/LAMA1/PAFAH1B1/OPHN1	7
GO:0007528	neuromuscular junction development	7/315	56/18805	0.125	7.462301587301587	6.321266840674109	3.972528706327983e-5	0.001297473838628776	0.0010599169675778967	COL4A1/MUSK/RAPSN/SLC18A3/DOK7/PPFIBP1/LARGE1	7
GO:0048705	skeletal system morphogenesis	14/315	233/18805	0.060085836909871244	3.587029089175012	5.186350667899423	4.099228191862673e-5	0.0013278811323148595	0.001084756933946749	GLI3/DYNC2I1/IFT80/SOX11/TMEM107/FGFR1/ALX4/FOSL2/PCGF2/FOXC1/MEF2C/TFAP2A/IFT140/BMP4	14
GO:0009798	axis specification	9/315	99/18805	0.09090909090909091	5.427128427128427	5.764494053752192	4.279385093115272e-5	0.0013749699095928095	0.001123224140400902	BCOR/IFT172/AHI1/C2CD3/ARL13B/WLS/GPC3/PGAP1/BMP4	9
GO:0061824	cytosolic ciliogenesis	3/315	5/18805	0.6	35.819047619047616	10.163303810790731	4.54109238767806e-5	0.0014472900900083625	0.0011823030859939398	KIAA0753/USP9X/IQCB1	3
GO:0006388	tRNA splicing, via endonucleolytic cleavage and ligation	4/315	13/18805	0.3076923076923077	18.36874236874237	8.176463269664717	4.901503927381666e-5	0.0015373605969057414	0.0012558824181520107	TSEN2/TSEN34/TSEN54/TSEN15	4
GO:0097499	protein localization to non-motile cilium	4/315	13/18805	0.3076923076923077	18.36874236874237	8.176463269664717	4.901503927381666e-5	0.0015373605969057414	0.0012558824181520107	IFT80/ARL13B/SPATA7/TULP1	4
GO:0010842	retina layer formation	5/315	25/18805	0.2	11.93968253968254	7.143957665033329	5.1538968457451115e-5	0.0016037953019200537	0.0013101534708578747	AHI1/LARGE1/PTF1A/TFAP2A/CRB1	5
GO:0045839	negative regulation of mitotic nuclear division	7/315	59/18805	0.11864406779661017	7.0828625235404905	6.107896135639602	5.598266314496988e-5	0.001728464724600945	0.0014119969396843967	BUB3/BUB1/TRIP13/BUB1B/KNL1/CENPF/BMP4	7
GO:0021542	dentate gyrus development	5/315	26/18805	0.19230769230769232	11.480463980463982	6.979798663299717	6.293971341487188e-5	0.0019281995923687884	0.001575161983218377	POMGNT1/TUBA1A/POMT2/LARGE1/PTEN	5
GO:0000394	RNA splicing, via endonucleolytic cleavage and ligation	4/315	14/18805	0.2857142857142857	17.056689342403626	7.844351015700465	6.77172316258336e-5	0.0020586038414253413	0.001681690278513617	TSEN2/TSEN34/TSEN54/TSEN15	4
GO:0021953	central nervous system neuron differentiation	13/315	215/18805	0.06046511627906977	3.6096714654854187	5.023163503074704	7.216106472754895e-5	0.002176950593918118	0.0017783687064635812	GLI3/DYNC2H1/CSF1R/SEMA3E/IFT172/ROBO1/TUBA1A/TCTN1/SUFU/PTEN/PAFAH1B1/PTF1A/OPHN1	13
GO:0045930	negative regulation of mitotic cell cycle	14/315	246/18805	0.056910569105691054	3.3974706413730806	4.940324862388751	7.374910142638677e-5	0.0022080034002809126	0.0018037359974061261	BUB3/BUB1/TRIP13/BUB1B/CDKN1C/VPS4A/KNL1/CENPF/ATR/FOXC1/MRE11/PTEN/PRKDC/BMP4	14
GO:0016202	regulation of striated muscle tissue development	6/315	43/18805	0.13953488372093023	8.33001107419712	6.280746070758499	7.619435384090582e-5	0.0022640607998440586	0.0018495297445987983	MYOD1/MTM1/IGF2/CENPF/MEF2C/BMP4	6
GO:0042063	gliogenesis	17/315	348/18805	0.04885057471264368	2.9163017697500457	4.709609611419552	8.649292063579614e-5	0.0025508956891990026	0.002083847506598482	HRAS/KRAS/GLI3/CSF1R/SOX4/SOX11/PHGDH/LAMB1/DAG1/TUBA1A/FKRP/LARGE1/ZEB2/ADGRG1/PTEN/PAFAH1B1/CRB1	17
GO:0030902	hindbrain development	11/315	161/18805	0.06832298136645963	4.078773538400868	5.120744163401744	8.771877141119138e-5	0.002567885811977988	0.002097726876554573	RERE/RPGRIP1L/AHI1/TUBA1A/FOXC1/ARL13B/WLS/PTF1A/KIF14/CEP290/OPHN1	11
GO:0051674	localization of cell	3/315	6/18805	0.5	29.849206349206348	9.224738503008084	8.969333219439764e-5	0.0025686090495091263	0.0020983176951961677	POMGNT1/FKRP/LARGE1	3
GO:0150103	reactive gliosis	3/315	6/18805	0.5	29.849206349206348	9.224738503008084	8.969333219439764e-5	0.0025686090495091263	0.0020983176951961677	POMGNT1/POMT2/LARGE1	3
GO:1903371	regulation of endoplasmic reticulum tubular network organization	3/315	6/18805	0.5	29.849206349206348	9.224738503008084	8.969333219439764e-5	0.0025686090495091263	0.0020983176951961677	RAB3GAP1/LNPK/RAB3GAP2	3
GO:0021517	ventral spinal cord development	6/315	45/18805	0.13333333333333333	7.9597883597883605	6.100954917053947	9.897824631819749e-5	0.0027940144960679745	0.0022824532440444485	GLI3/DYNC2H1/IFT172/TCTN1/SUFU/VLDLR	6
GO:1901861	regulation of muscle tissue development	6/315	45/18805	0.13333333333333333	7.9597883597883605	6.100954917053947	9.897824631819749e-5	0.0027940144960679745	0.0022824532440444485	MYOD1/MTM1/IGF2/CENPF/MEF2C/BMP4	6
GO:0001947	heart looping	7/315	65/18805	0.1076923076923077	6.429059829059829	5.722798508472449	1.0486358041964688e-4	0.002898048040688423	0.002367439095672116	NPHP3/IFT172/AHI1/C2CD3/SUFU/ARL13B/MEF2C	7
GO:0031122	cytoplasmic microtubule organization	7/315	65/18805	0.1076923076923077	6.429059829059829	5.722798508472449	1.0486358041964688e-4	0.002898048040688423	0.002367439095672116	WDR73/KIF21A/IFT172/PPFIBP1/CEP120/DYNC1H1/PAFAH1B1	7
GO:0051784	negative regulation of nuclear division	7/315	65/18805	0.1076923076923077	6.429059829059829	5.722798508472449	1.0486358041964688e-4	0.002898048040688423	0.002367439095672116	BUB3/BUB1/TRIP13/BUB1B/KNL1/CENPF/BMP4	7
GO:0007093	mitotic cell cycle checkpoint signaling	10/315	137/18805	0.072992700729927	4.357548372146912	5.148083807254606	1.0592737761940206e-4	0.0029071180302213673	0.0023748484441425887	BUB3/BUB1/TRIP13/BUB1B/VPS4A/KNL1/CENPF/ATR/MRE11/PRKDC	10
GO:0021522	spinal cord motor neuron differentiation	5/315	29/18805	0.1724137931034483	10.292829775588396	6.536682412873799	1.0904392462699872e-4	0.00297201096638551	0.002427860013292233	GLI3/DYNC2H1/IFT172/TCTN1/SUFU	5
GO:0006302	double-strand break repair	16/315	323/18805	0.04953560371517028	2.9571969138532608	4.6309836007192935	1.1855632937500575e-4	0.00320914118965769	0.002621573627924605	ARID1B/SMARCA4/SMARCB1/ARID1A/DPF2/SMARCC2/SMARCD1/ARID2/SMARCE1/ESCO2/TRIP13/POGZ/ATR/MRE11/PRKDC/TRRAP	16
GO:0048634	regulation of muscle organ development	6/315	47/18805	0.1276595744680851	7.621073961499493	5.931930376310943	1.268699182531281e-4	0.0033994014946546326	0.0027769988238082674	MYOD1/MTM1/IGF2/CENPF/MEF2C/BMP4	6
GO:0060042	retina morphogenesis in camera-type eye	7/315	67/18805	0.1044776119402985	6.237147595356551	5.605089351689927	1.2730552156095285e-4	0.0033994014946546326	0.0027769988238082674	RPGRIP1L/AHI1/LARGE1/PTF1A/TFAP2A/RPGRIP1/CRB1	7
GO:0007163	establishment or maintenance of cell polarity	13/315	228/18805	0.05701754385964912	3.4038568643831795	4.766506393876117	1.3032925406119376e-4	0.0034567866580526023	0.002823877232113609	IFT80/NPHP3/CDC42/CDC42BPB/RPGRIP1L/ATN1/LAMA1/FRMD4A/RAC1/PAFAH1B1/RAP1B/CRB1/OPHN1	13
GO:0048638	regulation of developmental growth	16/315	327/18805	0.04892966360856269	2.9210232512984806	4.573945219759228	1.3659552169795647e-4	0.0035988366783354935	0.0029399190529658423	CHD7/FTO/FGFR1/MYOD1/MUSK/MTM1/IGF2/FOSL2/MBD5/SYT2/FOXC1/PTEN/MACF1/PAFAH1B1/MEF2C/L1CAM	16
GO:0030324	lung development	12/315	199/18805	0.06030150753768844	3.599904283321369	4.812484369607445	1.39701222187429e-4	0.003656286291951784	0.0029868501111805145	KRAS/GLI3/SOX11/NPHP3/ASXL1/FGFR1/CDC42/FOSL2/DAG1/LAMA1/GPC3/BMP4	12
GO:0071824	protein-DNA complex organization	14/315	262/18805	0.05343511450381679	3.189991518235793	4.659239357827048	1.4364976741886433e-4	0.0037348939528904727	0.003051065350925602	SMARCA4/SMARCB1/ARID1A/SMARCC2/SMARCD1/ARID2/SMARCE1/POGZ/H3-3A/CENPF/TAF4/TAF1/BRF1/MED11	14
GO:0035567	non-canonical Wnt signaling pathway	7/315	69/18805	0.10144927536231885	6.056360708534622	5.492070417432237	1.5349578707494273e-4	0.003964806212550155	0.0032388825521764667	IFT80/NPHP3/CDC42/MKS1/RAC1/GPC3/TMEM67	7
GO:0007094	mitotic spindle assembly checkpoint signaling	6/315	49/18805	0.12244897959183673	7.310009718172983	5.772579180036436	1.606543273592061e-4	0.004043986635182055	0.0033035656856230983	BUB3/BUB1/TRIP13/BUB1B/KNL1/CENPF	6
GO:0071173	spindle assembly checkpoint signaling	6/315	49/18805	0.12244897959183673	7.310009718172983	5.772579180036436	1.606543273592061e-4	0.004043986635182055	0.0033035656856230983	BUB3/BUB1/TRIP13/BUB1B/KNL1/CENPF	6
GO:0071174	mitotic spindle checkpoint signaling	6/315	49/18805	0.12244897959183673	7.310009718172983	5.772579180036436	1.606543273592061e-4	0.004043986635182055	0.0033035656856230983	BUB3/BUB1/TRIP13/BUB1B/KNL1/CENPF	6
GO:1902459	positive regulation of stem cell population maintenance	6/315	49/18805	0.12244897959183673	7.310009718172983	5.772579180036436	1.606543273592061e-4	0.004043986635182055	0.0033035656856230983	SMARCA4/SMARCB1/ARID1A/DPF2/SMARCD1/SMARCE1	6
GO:0061371	determination of heart left/right asymmetry	7/315	70/18805	0.1	5.96984126984127	5.437216573518323	1.6813667493546357e-4	0.004157365087668417	0.003396185468751075	NPHP3/IFT172/AHI1/C2CD3/SUFU/ARL13B/MEF2C	7
GO:0006399	tRNA metabolic process	12/315	203/18805	0.059113300492610835	3.528970208773164	4.728505025047743	1.6831437601896426e-4	0.004157365087668417	0.003396185468751075	POLR3A/TSEN2/THG1L/TSEN34/WARS2/EXOSC8/TSEN54/TSEN15/SEPSECS/RARS2/NSUN6/BRF1	12
GO:0030323	respiratory tube development	12/315	203/18805	0.059113300492610835	3.528970208773164	4.728505025047743	1.6831437601896426e-4	0.004157365087668417	0.003396185468751075	KRAS/GLI3/SOX11/NPHP3/ASXL1/FGFR1/CDC42/FOSL2/DAG1/LAMA1/GPC3/BMP4	12
GO:0031577	spindle checkpoint signaling	6/315	50/18805	0.12	7.163809523809523	5.696231354729645	1.8001949702727013e-4	0.004418863678582432	0.003609805801782527	BUB3/BUB1/TRIP13/BUB1B/KNL1/CENPF	6
GO:0003143	embryonic heart tube morphogenesis	7/315	71/18805	0.09859154929577464	5.885758998435054	5.383415487005697	1.8388688747416712e-4	0.004485931970974744	0.003664594437188243	NPHP3/IFT172/AHI1/C2CD3/SUFU/ARL13B/MEF2C	7
GO:0032886	regulation of microtubule-based process	14/315	269/18805	0.05204460966542751	3.10698058653449	4.542977713217231	1.8893953644155787e-4	0.004580914405012495	0.0037421863627139684	KIF21A/APC2/CEP120/DYNC1H1/TOGARAM1/SASS6/RAC1/MACF1/CLXN/PAFAH1B1/BICD2/ARHGEF2/TMEM67/MID1	14
GO:1990403	embryonic brain development	4/315	18/18805	0.2222222222222222	13.2663139329806	6.795689898315181	1.9632913086851413e-4	0.004711022208424471	0.0038484724891428334	MKS1/TUBB2B/CC2D2A/IFT140	4
GO:0033046	negative regulation of sister chromatid segregation	6/315	51/18805	0.11764705882352941	7.023342670401495	5.621958634975971	2.01181848974727e-4	0.004711022208424471	0.0038484724891428334	BUB3/BUB1/TRIP13/BUB1B/KNL1/CENPF	6
GO:0033048	negative regulation of mitotic sister chromatid segregation	6/315	51/18805	0.11764705882352941	7.023342670401495	5.621958634975971	2.01181848974727e-4	0.004711022208424471	0.0038484724891428334	BUB3/BUB1/TRIP13/BUB1B/KNL1/CENPF	6
GO:0045841	negative regulation of mitotic metaphase/anaphase transition	6/315	51/18805	0.11764705882352941	7.023342670401495	5.621958634975971	2.01181848974727e-4	0.004711022208424471	0.0038484724891428334	BUB3/BUB1/TRIP13/BUB1B/KNL1/CENPF	6
GO:2000816	negative regulation of mitotic sister chromatid separation	6/315	51/18805	0.11764705882352941	7.023342670401495	5.621958634975971	2.01181848974727e-4	0.004711022208424471	0.0038484724891428334	BUB3/BUB1/TRIP13/BUB1B/KNL1/CENPF	6
GO:0006661	phosphatidylinositol biosynthetic process	9/315	121/18805	0.0743801652892562	4.440377804014168	4.955367127581663	2.0265024681987857e-4	0.004711022208424471	0.0038484724891428334	PGAP2/MTM1/INPP5E/PIGU/PI4KA/PTEN/FIG4/PIGN/PGAP1	9
GO:0007088	regulation of mitotic nuclear division	9/315	121/18805	0.0743801652892562	4.440377804014168	4.955367127581663	2.0265024681987857e-4	0.004711022208424471	0.0038484724891428334	BUB3/BUB1/TRIP13/BUB1B/CDC42/IGF2/KNL1/CENPF/BMP4	9
GO:0048704	embryonic skeletal system morphogenesis	8/315	96/18805	0.08333333333333333	4.974867724867725	5.096182268351645	2.0958874173944629e-4	0.004843828697978314	0.0039569631943052125	GLI3/DYNC2I1/SOX11/ALX4/PCGF2/TFAP2A/IFT140/BMP4	8
GO:0001763	morphogenesis of a branching structure	12/315	208/18805	0.057692307692307696	3.4441391941391943	4.626452418323541	2.110015341747494e-4	0.004848128273596568	0.003960475552716993	KRAS/GLI3/SEMA3E/COL4A1/FGFR1/DAG1/RERE/MKS1/LAMA1/DCHS1/GPC3/BMP4	12
GO:0051656	establishment of organelle localization	20/315	487/18805	0.04106776180698152	2.4516801929532934	4.2365110850459375	2.2353857458966747e-4	0.005106499692360496	0.0041715412732979025	BUB3/NUP88/CDC42/KIF5A/VPS4A/LRPPRC/CEP120/KNL1/TUBA1A/DYNC1H1/CENPF/RBM10/PIBF1/PAFAH1B1/ATP9A/BICD2/EXOC2/RAB11B/KIF14/TRAPPC9	20
GO:0045879	negative regulation of smoothened signaling pathway	5/315	34/18805	0.14705882352941177	8.779178338001868	5.925724060152518	2.3858223169142916e-4	0.005418833216347862	0.004426689078025488	GLI3/IFT172/SUFU/KIF7/GPC3	5
GO:0017183	protein histidyl modification to diphthamide	3/315	8/18805	0.375	22.386904761904763	7.896972048781261	2.449463859350603e-4	0.005500159756905445	0.004493125392720275	DPH1/DPH5/DPH2	3
GO:0031017	exocrine pancreas development	3/315	8/18805	0.375	22.386904761904763	7.896972048781261	2.449463859350603e-4	0.005500159756905445	0.004493125392720275	IGF2/WLS/PTF1A	3
GO:1902100	negative regulation of metaphase/anaphase transition of cell cycle	6/315	53/18805	0.11320754716981132	6.758310871518419	5.479250897670663	2.4936811567459265e-4	0.00553653254576399	0.0045228386207804595	BUB3/BUB1/TRIP13/BUB1B/KNL1/CENPF	6
GO:1905819	negative regulation of chromosome separation	6/315	53/18805	0.11320754716981132	6.758310871518419	5.479250897670663	2.4936811567459265e-4	0.00553653254576399	0.0045228386207804595	BUB3/BUB1/TRIP13/BUB1B/KNL1/CENPF	6
GO:0060993	kidney morphogenesis	8/315	99/18805	0.08080808080808081	4.824114157447491	4.979318690281165	2.59146406081677e-4	0.005721489367792109	0.004673931358144682	GLI3/SOX4/NPHP3/ASXL1/AHI1/DCHS1/GPC3/BMP4	8
GO:0046488	phosphatidylinositol metabolic process	10/315	154/18805	0.06493506493506493	3.8765203050917334	4.678306658210311	2.7619280788104676e-4	0.006028991217219303	0.00492513212849233	PGAP2/MTM1/INPP5E/PIGU/PI4KA/PTEN/FIG4/PIGN/PLCH1/PGAP1	10
GO:0051985	negative regulation of chromosome segregation	6/315	54/18805	0.1111111111111111	6.6331569664903	5.4106377527544005	2.766371321841398e-4	0.006028991217219303	0.00492513212849233	BUB3/BUB1/TRIP13/BUB1B/KNL1/CENPF	6
GO:0060349	bone morphogenesis	8/315	100/18805	0.08	4.7758730158730165	4.941405185927409	2.7765091131931e-4	0.006028991217219303	0.00492513212849233	GLI3/IFT80/TMEM107/FOSL2/FOXC1/MEF2C/TFAP2A/BMP4	8
GO:0048643	positive regulation of skeletal muscle tissue development	4/315	20/18805	0.2	11.93968253968254	6.388899551073968	3.0274357188236087e-4	0.006507282340989102	0.005315852050877258	MYOD1/MTM1/IGF2/MEF2C	4
GO:1905818	regulation of chromosome separation	7/315	77/18805	0.09090909090909091	5.427128427128427	5.080819019636076	3.052847722028688e-4	0.006507282340989102	0.005315852050877258	BUB3/BUB1/TRIP13/BUB1B/NCAPG2/KNL1/CENPF	7
GO:0060425	lung morphogenesis	6/315	55/18805	0.10909090909090909	6.512554112554112	5.343742430954325	3.0619347795000375e-4	0.006507282340989102	0.005315852050877258	KRAS/SOX11/CDC42/DAG1/LAMA1/BMP4	6
GO:0140014	mitotic nuclear division	14/315	282/18805	0.04964539007092199	2.963750985027581	4.3367785802980325	3.0626379438865715e-4	0.006507282340989102	0.005315852050877258	BUB3/BUB1/TRIP13/BUB1B/CDC42/CDKN1C/IGF2/VPS4A/NCAPG2/KNL1/CENPF/PIBF1/KIF14/BMP4	14
GO:0021700	developmental maturation	16/315	352/18805	0.045454545454545456	2.7135642135642133	4.235943581662662	3.135598599128995e-4	0.006626676825538924	0.00541338637969526	EBP/IFT80/TRIP13/FGFR1/ATP6V1B2/WASHC5/ATP6V1A/ATP6V1E1/CDKN1C/DAG1/H3-3A/RERE/PTEN/DCHS1/CNTNAP2/KIF14	16
GO:0008654	phospholipid biosynthetic process	13/315	251/18805	0.05179282868525897	3.0919496616707773	4.3549307868109794	3.336158652830396e-4	0.007013031380843471	0.005729002568998222	PGAP2/FAR1/MTM1/INPP5E/PIGU/SRD5A3/PI4KA/PTEN/FIG4/MVK/PIGN/PCYT1A/PGAP1	13
GO:0098876	vesicle-mediated transport to the plasma membrane	10/315	158/18805	0.06329113924050633	3.7783805505324497	4.577493441875886	3.392224704184391e-4	0.007066740660652696	0.005772878118000698	BLTP1/CCDC22/ARL3/EPG5/VPS35L/VPS51/MACF1/ATP9A/EXOC2/RAB11B	10
GO:0051310	metaphase chromosome alignment	8/315	103/18805	0.07766990291262135	4.636769918323316	4.83061421151535	3.397471471467642e-4	0.007066740660652696	0.005772878118000698	BUB3/CDC42/VPS4A/KNL1/DYNC1H1/CENPF/PIBF1/KIF14	8
GO:0048754	branching morphogenesis of an epithelial tube	10/315	159/18805	0.06289308176100629	3.754617150843566	4.55280355758905	3.5672809875441746e-4	0.007345333399419538	0.00600046279992002	KRAS/GLI3/SEMA3E/COL4A1/DAG1/MKS1/LAMA1/DCHS1/GPC3/BMP4	10
GO:0010092	specification of animal organ identity	5/315	37/18805	0.13513513513513514	8.067353067353068	5.616433167056262	3.5871693979958773e-4	0.007345333399419538	0.00600046279992002	GLI3/FGFR1/ROBO1/MEF2C/BMP4	5
GO:0042462	eye photoreceptor cell development	5/315	37/18805	0.13513513513513514	8.067353067353068	5.616433167056262	3.5871693979958773e-4	0.007345333399419538	0.00600046279992002	RPGRIP1L/RPGRIP1/CEP290/CRB1/TULP1	5
GO:0018202	peptidyl-histidine modification	3/315	9/18805	0.3333333333333333	19.8994708994709	7.402017800527033	3.628652192783304e-4	0.0073540684440408285	0.006007598529158647	DPH1/DPH5/DPH2	3
GO:0043622	cortical microtubule organization	3/315	9/18805	0.3333333333333333	19.8994708994709	7.402017800527033	3.628652192783304e-4	0.0073540684440408285	0.006007598529158647	KIF21A/PPFIBP1/PAFAH1B1	3
GO:0035264	multicellular organism growth	10/315	160/18805	0.0625	3.7311507936507935	4.5283128060182305	3.749805375117247e-4	0.007560832062481306	0.006176505416479376	IFT80/CHD7/FTO/CDKN1C/IGF2/FOSL2/H3-3A/LARGE1/MBD5/ATN1	10
GO:0007601	visual perception	12/315	222/18805	0.05405405405405406	3.226941226941227	4.356515581903222	3.826284748544359e-4	0.007675876815353964	0.006270486413991745	PDE6D/RD3/RDH12/CRX/RPGRIP1/RPE65/CRB1/AIPL1/GUCY2D/LRAT/SPATA7/TULP1	12
GO:0061138	morphogenesis of a branching epithelium	11/315	191/18805	0.05759162303664921	3.4381284800132965	4.420438562950023	3.9042897526821353e-4	0.007792804597272625	0.006366005673299368	KRAS/GLI3/SEMA3E/COL4A1/FGFR1/DAG1/MKS1/LAMA1/DCHS1/GPC3/BMP4	11
GO:0045580	regulation of T cell differentiation	11/315	192/18805	0.057291666666666664	3.4202215608465605	4.399562522187906	4.0810466269379866e-4	0.00805993860558733	0.006584229624796596	GLI3/ARID1B/SMARCA4/SMARCB1/SOX4/ARID1A/SMARCC2/SMARCD1/ARID2/SMARCE1/BMP4	11
GO:1901991	negative regulation of mitotic cell cycle phase transition	11/315	192/18805	0.057291666666666664	3.4202215608465605	4.399562522187906	4.0810466269379866e-4	0.00805993860558733	0.006584229624796596	BUB3/BUB1/TRIP13/BUB1B/VPS4A/KNL1/CENPF/ATR/MRE11/PTEN/PRKDC	11
GO:0033047	regulation of mitotic sister chromatid segregation	6/315	58/18805	0.10344827586206896	6.175697865353038	5.152630095848654	4.0993108798660253e-4	0.00805993860558733	0.006584229624796596	BUB3/BUB1/TRIP13/BUB1B/KNL1/CENPF	6
GO:0045619	regulation of lymphocyte differentiation	12/315	225/18805	0.05333333333333334	3.183915343915344	4.301462552685397	4.317623256079942e-4	0.008447152033677194	0.006900547434287223	GLI3/ARID1B/SMARCA4/SMARCB1/SOX4/ARID1A/SMARCC2/SMARCD1/ARID2/SMARCE1/PRKDC/BMP4	12
GO:0071786	endoplasmic reticulum tubular network organization	4/315	22/18805	0.18181818181818182	10.854256854256853	6.0362147443723195	4.451700195275148e-4	0.00858911746832984	0.007016520156447801	RAB3GAP1/LNPK/RAB18/RAB3GAP2	4
GO:0009100	glycoprotein metabolic process	17/315	400/18805	0.0425	2.53718253968254	4.056014231622442	4.454840896399013e-4	0.00858911746832984	0.007016520156447801	FKTN/POMGNT2/B3GALNT2/CRPPA/RXYLT1/POMK/POMGNT1/B4GALT1/ALG3/SRD5A3/GMPPB/FKRP/POMT2/LARGE1/POMT1/PMM2/B4GAT1	17
GO:0050953	sensory perception of light stimulus	12/315	226/18805	0.05309734513274336	3.169827222924568	4.283316324526962	4.492802056547819e-4	0.00858911746832984	0.007016520156447801	PDE6D/RD3/RDH12/CRX/RPGRIP1/RPE65/CRB1/AIPL1/GUCY2D/LRAT/SPATA7/TULP1	12
GO:0010001	glial cell differentiation	13/315	259/18805	0.05019305019305019	2.9964454250168533	4.222738031496617	4.498854544393413e-4	0.00858911746832984	0.007016520156447801	HRAS/KRAS/GLI3/SOX4/SOX11/PHGDH/DAG1/TUBA1A/FKRP/LARGE1/ZEB2/PTEN/CRB1	13
GO:0045927	positive regulation of growth	13/315	259/18805	0.05019305019305019	2.9964454250168533	4.222738031496617	4.498854544393413e-4	0.00858911746832984	0.007016520156447801	CHD7/FGFR1/MYOD1/CDC42/MTM1/DDX3X/IGF2/H3-3A/SYT2/MACF1/PAFAH1B1/MEF2C/L1CAM	13
GO:0048706	embryonic skeletal system development	9/315	135/18805	0.06666666666666667	3.9798941798941803	4.535315558376397	4.5741720186846845e-4	0.008690926835500901	0.007099689059365349	GLI3/DYNC2I1/SOX11/ALX4/MKS1/PCGF2/TFAP2A/IFT140/BMP4	9
GO:1902107	positive regulation of leukocyte differentiation	11/315	195/18805	0.05641025641025641	3.3676027676027678	4.33775381739822	4.6521078440079304e-4	0.008725057435479786	0.007127570625031033	GLI3/ARID1B/SMARCA4/SMARCB1/SOX4/ARID1A/SMARCC2/SMARCD1/ARID2/SMARCE1/PRKDC	11
GO:1903708	positive regulation of hemopoiesis	11/315	195/18805	0.05641025641025641	3.3676027676027678	4.33775381739822	4.6521078440079304e-4	0.008725057435479786	0.007127570625031033	GLI3/ARID1B/SMARCA4/SMARCB1/SOX4/ARID1A/SMARCC2/SMARCD1/ARID2/SMARCE1/PRKDC	11
GO:0016055	Wnt signaling pathway	19/315	477/18805	0.039832285115303984	2.3779241955342587	3.9786791694837826	4.6583682158052504e-4	0.008725057435479786	0.007127570625031033	GLI3/IFT80/SMARCA4/SOX4/NPHP3/CDC42/DDX3X/TMEM237/APC2/MKS1/ZEB2/CBY1/PTEN/WLS/RAC1/MACF1/GPC3/GPC4/TMEM67	19
GO:0042476	odontogenesis	9/315	136/18805	0.0661764705882353	3.95063025210084	4.507499214618439	4.82770947686568e-4	0.008937563862456872	0.0073011688595128995	GLI3/IFT80/FGFR1/BCOR/LAMB1/FOXC1/WLS/TFAP2A/BMP4	9
GO:0032984	protein-containing complex disassembly	13/315	261/18805	0.04980842911877394	2.9734841573922033	4.190483464432803	4.8380907818264084e-4	0.008937563862456872	0.0073011688595128995	SMARCA4/SMARCB1/ARID1A/SMARCC2/SMARCD1/ARID2/SMARCE1/KIF21A/VPS4A/APC2/EPG5/ARHGEF2/MID1	13
GO:0061333	renal tubule morphogenesis	7/315	83/18805	0.08433734939759036	5.0348058902275765	4.808365965459157	4.839672739285857e-4	0.008937563862456872	0.0073011688595128995	GLI3/COL4A1/AHI1/DCHS1/GPC3/MEF2C/BMP4	7
GO:0070507	regulation of microtubule cytoskeleton organization	10/315	166/18805	0.060240963855421686	3.596289921591126	4.385386445189313	5.016004205847175e-4	0.009220115637910715	0.0075319877108118915	KIF21A/APC2/DYNC1H1/TOGARAM1/SASS6/RAC1/PAFAH1B1/BICD2/ARHGEF2/MID1	10
GO:0006013	mannose metabolic process	3/315	10/18805	0.3	17.909523809523808	6.981072609964411	5.119585327466452e-4	0.009366945006549731	0.007651933820340941	GMPPB/PMM2/MAN2C1	3
GO:0021872	forebrain generation of neurons	7/315	84/18805	0.08333333333333333	4.974867724867725	4.765513945808179	5.205152934651461e-4	0.00943613045768008	0.007708451979998083	GLI3/CSF1R/SEMA3E/FGFR1/ROBO1/PAFAH1B1/OPHN1	7
GO:0051304	chromosome separation	7/315	84/18805	0.08333333333333333	4.974867724867725	4.765513945808179	5.205152934651461e-4	0.00943613045768008	0.007708451979998083	BUB3/BUB1/TRIP13/BUB1B/NCAPG2/KNL1/CENPF	7
GO:0007517	muscle organ development	16/315	369/18805	0.04336043360433604	2.5885490600937757	4.022466240512638	5.254732677648297e-4	0.00948251303290688	0.007746342284233274	KRAS/CHD7/FKTN/SOX11/MYOD1/MTM1/EVC/IGF2/ALX4/DAG1/FKRP/LARGE1/CENPF/FOXC1/MEF2C/BMP4	16
GO:0060537	muscle tissue development	18/315	446/18805	0.04035874439461883	2.409352978859705	3.931648092391248	5.612967174699679e-4	0.010055452078966487	0.00821438086676705	KRAS/CHD7/ARID2/SOX11/FGFR1/MYOD1/CDC42/MTM1/IGF2/FOSL2/FKRP/LARGE1/CENPF/FOXC1/CBY1/GJB6/MEF2C/BMP4	18
GO:0003279	cardiac septum development	8/315	111/18805	0.07207207207207207	4.302588302588302	4.5548780211385935	5.623114649422049e-4	0.010055452078966487	0.00821438086676705	CHD7/SOX4/SOX11/NPHP3/ROBO1/MKS1/SUFU/BMP4	8
GO:0050678	regulation of epithelial cell proliferation	17/315	410/18805	0.041463414634146344	2.475300038714673	3.9421607415861533	5.884626750369621e-4	0.01038724122959412	0.00848542213167621	HRAS/NRAS/IFT80/SOX11/FGFR1/B4GALT1/CDC42/CDKN1C/IGF2/LAMB1/IFT172/ROBO1/IFT74/PRKDC/GPC3/MEF2C/BMP4	17
GO:0010965	regulation of mitotic sister chromatid separation	6/315	62/18805	0.0967741935483871	5.77726574500768	4.917763453862653	5.887505150377234e-4	0.01038724122959412	0.00848542213167621	BUB3/BUB1/TRIP13/BUB1B/KNL1/CENPF	6
GO:0022029	telencephalon cell migration	6/315	62/18805	0.0967741935483871	5.77726574500768	4.917763453862653	5.887505150377234e-4	0.01038724122959412	0.00848542213167621	GLI3/LAMB1/ROBO1/ARL13B/ADGRG1/PAFAH1B1	6
GO:0021871	forebrain regionalization	4/315	24/18805	0.16666666666666666	9.94973544973545	5.726224951547921	6.298316753780435e-4	0.010915627299439932	0.008917065024340047	GLI3/ADGRG1/PGAP1/BMP4	4
GO:0045844	positive regulation of striated muscle tissue development	4/315	24/18805	0.16666666666666666	9.94973544973545	5.726224951547921	6.298316753780435e-4	0.010915627299439932	0.008917065024340047	MYOD1/MTM1/IGF2/MEF2C	4
GO:0048636	positive regulation of muscle organ development	4/315	24/18805	0.16666666666666666	9.94973544973545	5.726224951547921	6.298316753780435e-4	0.010915627299439932	0.008917065024340047	MYOD1/MTM1/IGF2/MEF2C	4
GO:1901863	positive regulation of muscle tissue development	4/315	24/18805	0.16666666666666666	9.94973544973545	5.726224951547921	6.298316753780435e-4	0.010915627299439932	0.008917065024340047	MYOD1/MTM1/IGF2/MEF2C	4
GO:0048639	positive regulation of developmental growth	10/315	171/18805	0.05847953216374269	3.4911352455212104	4.271242788277661	6.325097802560082e-4	0.010915627299439932	0.008917065024340047	CHD7/FGFR1/MYOD1/MTM1/IGF2/SYT2/MACF1/PAFAH1B1/MEF2C/L1CAM	10
GO:0046474	glycerophospholipid biosynthetic process	11/315	203/18805	0.054187192118226604	3.2348893580420675	4.178651659583669	6.510701823137702e-4	0.011187084176104435	0.009138820362271548	PGAP2/FAR1/MTM1/INPP5E/PIGU/PI4KA/PTEN/FIG4/PIGN/PCYT1A/PGAP1	11
GO:0003205	cardiac chamber development	10/315	172/18805	0.05813953488372093	3.4708379475821336	4.248924721539397	6.618103977935105e-4	0.011322401264415383	0.00924936199604783	CHD7/SOX4/SOX11/NPHP3/ROBO1/MKS1/FOXC1/SUFU/MEF2C/BMP4	10
GO:0060049	regulation of protein glycosylation	3/315	11/18805	0.2727272727272727	16.28138528138528	6.6170040337082074	6.952314585803017e-4	0.011792080361842715	0.009633046683830068	FKTN/POMT2/POMT1	3
GO:0110011	regulation of basement membrane organization	3/315	11/18805	0.2727272727272727	16.28138528138528	6.6170040337082074	6.952314585803017e-4	0.011792080361842715	0.009633046683830068	LAMB1/DAG1/LAMA1	3
GO:0051303	establishment of chromosome localization	8/315	115/18805	0.06956521739130435	4.152933057280883	4.426606954753328	7.112072218190014e-4	0.012011499746276468	0.009812292169675562	BUB3/CDC42/VPS4A/KNL1/DYNC1H1/CENPF/PIBF1/KIF14	8
GO:0045787	positive regulation of cell cycle	15/315	344/18805	0.0436046511627907	2.6031284606866003	3.916804337025679	7.361208181351288e-4	0.012379359460723528	0.010112799772543965	BUB1/FGFR1/CDC42/DDX3X/IGF2/NCAPG2/CSPP1/CEP120/KNL1/DYNC1H1/SASS6/CPSF3/ASNS/PAFAH1B1/KIF14	15
GO:0030859	polarized epithelial cell differentiation	4/315	25/18805	0.16	9.551746031746033	5.584559825324082	7.39982667172442e-4	0.01239157415536225	0.010122778056279572	CDC42/AHI1/LAMA1/OPHN1	4
GO:0002062	chondrocyte differentiation	8/315	116/18805	0.06896551724137931	4.117131910235359	4.395447389724613	7.529941134231808e-4	0.012459634118727239	0.010178376795795984	GLI3/IFT80/FGFR1/FOSL2/LNPK/MEF2C/GDF6/BMP4	8
GO:0060840	artery development	8/315	116/18805	0.06896551724137931	4.117131910235359	4.395447389724613	7.529941134231808e-4	0.012459634118727239	0.010178376795795984	GLI3/CHD7/SOX4/ARID2/ROBO1/FOXC1/SUFU/BMP4	8
GO:0021885	forebrain cell migration	6/315	65/18805	0.09230769230769231	5.5106227106227115	4.754669451691013	7.5860721977753e-4	0.012459634118727239	0.010178376795795984	GLI3/LAMB1/ROBO1/ARL13B/ADGRG1/PAFAH1B1	6
GO:0051306	mitotic sister chromatid separation	6/315	65/18805	0.09230769230769231	5.5106227106227115	4.754669451691013	7.5860721977753e-4	0.012459634118727239	0.010178376795795984	BUB3/BUB1/TRIP13/BUB1B/KNL1/CENPF	6
GO:0090068	positive regulation of cell cycle process	13/315	274/18805	0.04744525547445255	2.832406441895493	3.98804092020801	7.615668638228225e-4	0.012459634118727239	0.010178376795795984	BUB1/FGFR1/CDC42/DDX3X/IGF2/NCAPG2/CSPP1/CEP120/KNL1/DYNC1H1/SASS6/CPSF3/KIF14	13
GO:0001503	ossification	18/315	458/18805	0.039301310043668124	2.3462258265751714	3.8069753877108865	7.629634252864352e-4	0.012459634118727239	0.010178376795795984	EBP/GLI3/IFT80/SOX11/BCOR/IGF2/FOSL2/H3-3A/FKRP/FOXC1/SUFU/PTEN/TMCO1/DCHS1/GPC3/MEF2C/TFAP2A/BMP4	18
GO:0009953	dorsal/ventral pattern formation	7/315	90/18805	0.07777777777777778	4.64320987654321	4.5219158088799265	7.885003226248029e-4	0.012771119979562382	0.010432832137576663	GLI3/DYNC2H1/IFT172/TCTN1/SUFU/ARL13B/BMP4	7
GO:0032456	endocytic recycling	7/315	90/18805	0.07777777777777778	4.64320987654321	4.5219158088799265	7.885003226248029e-4	0.012771119979562382	0.010432832137576663	BLTP1/CCDC22/EPG5/VPS35L/VPS51/ATP9A/RAB11B	7
GO:0014706	striated muscle tissue development	17/315	423/18805	0.04018912529550828	2.3992269878794703	3.799040456783148	8.319818743578723e-4	0.013420377010050251	0.010963215504427902	KRAS/CHD7/ARID2/SOX11/FGFR1/MYOD1/CDC42/MTM1/IGF2/FKRP/LARGE1/CENPF/FOXC1/CBY1/GJB6/MEF2C/BMP4	17
GO:0051783	regulation of nuclear division	9/315	147/18805	0.061224489795918366	3.6550048590864916	4.217969021954235	8.460699473393776e-4	0.013592148097094392	0.011103536707273732	BUB3/BUB1/TRIP13/BUB1B/CDC42/IGF2/KNL1/CENPF/BMP4	9
GO:0048641	regulation of skeletal muscle tissue development	4/315	26/18805	0.15384615384615385	9.184371184371185	5.4506425630684445	8.630813860374565e-4	0.013753619506532372	0.011235444019426482	MYOD1/MTM1/IGF2/MEF2C	4
GO:2000050	regulation of non-canonical Wnt signaling pathway	4/315	26/18805	0.15384615384615385	9.184371184371185	5.4506425630684445	8.630813860374565e-4	0.013753619506532372	0.011235444019426482	IFT80/NPHP3/MKS1/GPC3	4
GO:0038026	reelin-mediated signaling pathway	3/315	12/18805	0.25	14.924603174603174	6.297777836003712	9.155130636305781e-4	0.014472430509872179	0.011822646594336772	FKRP/PAFAH1B1/VLDLR	3
GO:1903441	protein localization to ciliary membrane	3/315	12/18805	0.25	14.924603174603174	6.297777836003712	9.155130636305781e-4	0.014472430509872179	0.011822646594336772	IFT80/ARL13B/ARL3	3
GO:0021846	cell proliferation in forebrain	4/315	27/18805	0.14814814814814814	8.844209288653731	5.323758294294142	9.999319050954594e-4	0.01574394776469026	0.012861359416765673	GLI3/FGFR1/CEP120/KIF14	4
GO:0031214	biomineral tissue development	10/315	182/18805	0.054945054945054944	3.280132565846851	4.034436760724276	0.0010214484031158342	0.01601890511553086	0.013085974320619313	IFT80/FGFR1/BCOR/FOSL2/FKRP/WLS/GPC3/MEF2C/TFAP2A/BMP4	10
GO:0048645	animal organ formation	6/315	69/18805	0.08695652173913043	5.191166321601104	4.5523216985986314	0.0010412358354720836	0.01626467992800662	0.013286749770721366	GLI3/FGFR1/ROBO1/MKS1/MEF2C/BMP4	6
GO:0060071	Wnt signaling pathway, planar cell polarity pathway	5/315	47/18805	0.10638297872340426	6.350894967916245	4.793955872597326	0.0011013175927954335	0.017109485375119252	0.013976878235001797	NPHP3/CDC42/MKS1/RAC1/GPC3	5
GO:0050000	chromosome localization	8/315	123/18805	0.06504065040650407	3.8828235901406636	4.186690737942725	0.001103977421724547	0.017109485375119252	0.013976878235001797	BUB3/CDC42/VPS4A/KNL1/DYNC1H1/CENPF/PIBF1/KIF14	8
GO:0007097	nuclear migration	4/315	28/18805	0.14285714285714285	8.528344671201813	5.203281826779683	0.0011513389160856947	0.017636013164227388	0.014407003082965424	CDC42/CEP120/DYNC1H1/PAFAH1B1	4
GO:0021801	cerebral cortex radial glia-guided migration	4/315	28/18805	0.14285714285714285	8.528344671201813	5.203281826779683	0.0011513389160856947	0.017636013164227388	0.014407003082965424	GLI3/LAMB1/ADGRG1/PAFAH1B1	4
GO:0022030	telencephalon glial cell migration	4/315	28/18805	0.14285714285714285	8.528344671201813	5.203281826779683	0.0011513389160856947	0.017636013164227388	0.014407003082965424	GLI3/LAMB1/ADGRG1/PAFAH1B1	4
GO:0072009	nephron epithelium development	8/315	124/18805	0.06451612903225806	3.851510496671787	4.158126519900807	0.0011633092659632382	0.017750572274466088	0.014500587355046744	GLI3/ASXL1/AHI1/FOXC1/DCHS1/GPC3/MEF2C/BMP4	8
GO:0035845	photoreceptor cell outer segment organization	3/315	13/18805	0.23076923076923078	13.776556776556777	6.014658112743171	0.0011754624709376048	0.017867029558251594	0.014595722260589609	AHI1/IFT140/CRB1	3
GO:0030217	T cell differentiation	14/315	324/18805	0.043209876543209874	2.579561042524005	3.7433301148817315	0.0011953600601297017	0.018099858075220618	0.01478592177623632	GLI3/CHD7/ARID1B/SMARCA4/SMARCB1/SOX4/ARID1A/SMARCC2/SMARCD1/ARID2/SMARCE1/FOSL2/PRKDC/BMP4	14
GO:0000075	cell cycle checkpoint signaling	10/315	186/18805	0.053763440860215055	3.2095920805598226	3.9527772687540557	0.0012041482096711957	0.01816333482679605	0.014837776452637837	BUB3/BUB1/TRIP13/BUB1B/VPS4A/KNL1/CENPF/ATR/MRE11/PRKDC	10
GO:0072073	kidney epithelium development	9/315	155/18805	0.05806451612903226	3.4663594470046086	4.024340733321709	0.001230032210246199	0.018483221653585468	0.01509909461206761	GLI3/ASXL1/FGFR1/AHI1/FOXC1/DCHS1/GPC3/MEF2C/BMP4	9
GO:2001251	negative regulation of chromosome organization	7/315	98/18805	0.07142857142857142	4.2641723356009065	4.22859397869705	0.0013035306805705914	0.01951345927884461	0.0159407041360048	BUB3/BUB1/TRIP13/BUB1B/H3-3A/KNL1/CENPF	7
GO:0061448	connective tissue development	13/315	291/18805	0.044673539518900345	2.666939398898162	3.740486734166411	0.0013171039344473993	0.019642244335608006	0.016045909699901384	HRAS/GLI3/IFT80/FTO/FGFR1/EVC/FOSL2/FKRP/LARGE1/LNPK/MEF2C/GDF6/BMP4	13
GO:0021795	cerebral cortex cell migration	5/315	49/18805	0.10204081632653061	6.091674765144153	4.658011168530864	0.0013323095605663005	0.01979431347127075	0.016170136217874335	GLI3/LAMB1/ROBO1/ADGRG1/PAFAH1B1	5
GO:0030282	bone mineralization	8/315	128/18805	0.0625	3.7311507936507935	4.0467748968019475	0.0014265645387107197	0.021115292348257545	0.01724925464311365	IFT80/BCOR/FOSL2/FKRP/GPC3/MEF2C/TFAP2A/BMP4	8
GO:0021515	cell differentiation in spinal cord	5/315	50/18805	0.1	5.96984126984127	4.592835901230562	0.0014603417898484139	0.02141548389812761	0.01749448357009306	GLI3/DYNC2H1/IFT172/TCTN1/SUFU	5
GO:0060976	coronary vasculature development	5/315	50/18805	0.1	5.96984126984127	4.592835901230562	0.0014603417898484139	0.02141548389812761	0.01749448357009306	DYNC2H1/ARID2/SUFU/GPC3/BMP4	5
GO:2000095	regulation of Wnt signaling pathway, planar cell polarity pathway	3/315	14/18805	0.21428571428571427	12.79251700680272	5.761128012590067	0.0014775748089317239	0.02141548389812761	0.01749448357009306	NPHP3/MKS1/GPC3	3
GO:0003206	cardiac chamber morphogenesis	8/315	129/18805	0.06201550387596899	3.702227144087609	4.019635908899594	0.00149924813508696	0.02141548389812761	0.01749448357009306	CHD7/SOX4/SOX11/ROBO1/MKS1/FOXC1/MEF2C/BMP4	8
GO:0003231	cardiac ventricle development	8/315	129/18805	0.06201550387596899	3.702227144087609	4.019635908899594	0.00149924813508696	0.02141548389812761	0.01749448357009306	CHD7/SOX4/SOX11/ROBO1/FOXC1/SUFU/MEF2C/BMP4	8
GO:0060411	cardiac septum morphogenesis	6/315	74/18805	0.08108108108108109	4.840411840411841	4.320411570661065	0.0015008098027736146	0.02141548389812761	0.01749448357009306	CHD7/SOX4/SOX11/ROBO1/MKS1/BMP4	6
GO:2000036	regulation of stem cell population maintenance	6/315	74/18805	0.08108108108108109	4.840411840411841	4.320411570661065	0.0015008098027736146	0.02141548389812761	0.01749448357009306	SMARCA4/SMARCB1/ARID1A/DPF2/SMARCD1/SMARCE1	6
GO:0008299	isoprenoid biosynthetic process	4/315	30/18805	0.13333333333333333	7.9597883597883605	4.97941852223946	0.0015010346760580334	0.02141548389812761	0.01749448357009306	CRPPA/SRD5A3/MVK/RPE65	4
GO:0046856	phosphatidylinositol dephosphorylation	4/315	30/18805	0.13333333333333333	7.9597883597883605	4.97941852223946	0.0015010346760580334	0.02141548389812761	0.01749448357009306	MTM1/INPP5E/PTEN/FIG4	4
GO:0060441	epithelial tube branching involved in lung morphogenesis	4/315	30/18805	0.13333333333333333	7.9597883597883605	4.97941852223946	0.0015010346760580334	0.02141548389812761	0.01749448357009306	KRAS/DAG1/LAMA1/BMP4	4
GO:0061351	neural precursor cell proliferation	9/315	160/18805	0.05625	3.3580357142857142	3.9096791531510107	0.0015341364109793393	0.02180901833161996	0.017815965060483278	GLI3/FGFR1/RERE/CEP120/ADGRG1/PAFAH1B1/ARHGEF2/KIF14/RPGRIP1	9
GO:0000280	nuclear division	17/315	448/18805	0.03794642857142857	2.2653415532879815	3.538000304386015	0.0015469628506388298	0.02191253471585898	0.017900528439574764	BUB3/BUB1/TRIP13/BUB1B/CDC42/WASHC5/CDKN1C/IGF2/VPS4A/NCAPG2/KNL1/CENPF/PIBF1/MRE11/PTEN/KIF14/BMP4	17
GO:0050673	epithelial cell proliferation	18/315	488/18805	0.036885245901639344	2.201990632318501	3.511524993520936	0.0015566086101208782	0.021970418668563252	0.01794781431293509	HRAS/NRAS/IFT80/SOX11/FGFR1/B4GALT1/CDC42/CDKN1C/IGF2/LAMB1/IFT172/ROBO1/ZEB2/IFT74/PRKDC/GPC3/MEF2C/BMP4	18
GO:0000070	mitotic sister chromatid segregation	10/315	193/18805	0.05181347150259067	3.0931820050991035	3.815057321450942	0.001587632703995504	0.022328556748007943	0.018240380232830908	BUB3/BUB1/TRIP13/BUB1B/VPS4A/NCAPG2/KNL1/CENPF/PIBF1/KIF14	10
GO:0048732	gland development	17/315	451/18805	0.037694013303769404	2.2502727624678847	3.5078387385975396	0.0016601971329437573	0.02326630875671535	0.019006437501823455	GLI3/CSF1R/SMARCB1/NPHP3/ASXL1/FGFR1/CDC42/CDKN1C/IGF2/ROBO1/DAG1/RPGRIP1L/FOXC1/LAMA1/WLS/PTF1A/BMP4	17
GO:0051251	positive regulation of lymphocyte activation	14/315	337/18805	0.04154302670623145	2.4800527530497853	3.5784434227655977	0.0017285123319875446	0.024138094473550448	0.019718606368628603	GLI3/ARID1B/SMARCA4/SMARCB1/SOX4/ARID1A/SMARCC2/SMARCD1/ARID2/SMARCE1/IGF2/MPL/PRKDC/MEF2C	14
GO:0050954	sensory perception of mechanical stimulus	10/315	196/18805	0.05102040816326531	3.0458373825720764	3.757937650823265	0.0017797580012036353	0.024766209932242135	0.02023171901294125	CHD7/POMGNT1/FGFR1/PIEZO2/KCNQ1/LARGE1/GJB6/GJB2/TFAP2A/PGAP1	10
GO:0048872	homeostasis of number of cells	14/315	339/18805	0.04129793510324484	2.465421173385775	3.5537579012474416	0.0018258618736513943	0.02530626085366934	0.020672891018059844	KRAS/SOX4/ASXL1/KCNQ1/NCAPG2/FOSL2/TUBA1A/MPL/ADGRG1/PRKDC/EPG5/MEF2C/PACS1/BMP4	14
GO:0006650	glycerophospholipid metabolic process	13/315	302/18805	0.04304635761589404	2.5697992221171027	3.5895371231130113	0.0018313741407260707	0.02530626085366934	0.020672891018059844	PGAP2/FAR1/MTM1/INPP5E/PIGU/PI4KA/PTEN/PAFAH1B1/FIG4/PIGN/PLCH1/PCYT1A/PGAP1	13
GO:0022411	cellular component disassembly	17/315	456/18805	0.03728070175438596	2.2255987190197715	3.4580913531474153	0.0018644430043061903	0.025673445132467124	0.02097284685203406	SMARCA4/SMARCB1/ARID1A/SMARCC2/SMARCD1/ARID2/SMARCE1/PLG/KIF21A/VPS4A/APC2/ATR/EPG5/PAFAH1B1/ARHGEF2/NMNAT1/MID1	17
GO:0001754	eye photoreceptor cell differentiation	5/315	53/18805	0.09433962264150944	5.631925726265349	4.407452768678134	0.0018988797207940625	0.025877634487652006	0.021139650802692495	RPGRIP1L/RPGRIP1/CEP290/CRB1/TULP1	5
GO:0001958	endochondral ossification	4/315	32/18805	0.125	7.462301587301587	4.775373156019468	0.0019185594394944428	0.025877634487652006	0.021139650802692495	IFT80/FOXC1/MEF2C/BMP4	4
GO:0006505	GPI anchor metabolic process	4/315	32/18805	0.125	7.462301587301587	4.775373156019468	0.0019185594394944428	0.025877634487652006	0.021139650802692495	PGAP2/PIGU/PIGN/PGAP1	4
GO:0006506	GPI anchor biosynthetic process	4/315	32/18805	0.125	7.462301587301587	4.775373156019468	0.0019185594394944428	0.025877634487652006	0.021139650802692495	PGAP2/PIGU/PIGN/PGAP1	4
GO:0036075	replacement ossification	4/315	32/18805	0.125	7.462301587301587	4.775373156019468	0.0019185594394944428	0.025877634487652006	0.021139650802692495	IFT80/FOXC1/MEF2C/BMP4	4
GO:0180046	GPI anchored protein biosynthesis	4/315	32/18805	0.125	7.462301587301587	4.775373156019468	0.0019185594394944428	0.025877634487652006	0.021139650802692495	PGAP2/PIGU/PIGN/PGAP1	4
GO:0045785	positive regulation of cell adhesion	18/315	499/18805	0.036072144288577156	2.1534497566561694	3.408506826419242	0.0019856756827844224	0.0266918037359321	0.02180475230612182	GLI3/ARID1B/SMARCA4/SMARCB1/SOX4/ARID1A/SMARCC2/SMARCD1/ARID2/SMARCE1/CDC42/IGF2/LAMB1/DAG1/IFT74/ADGRG1/LAMA1/RAC1	18
GO:0021782	glial cell development	8/315	135/18805	0.05925925925925926	3.5376837154614935	3.8622836054465663	0.0019992883237704754	0.026783686289969216	0.021879811914376622	HRAS/KRAS/SOX4/SOX11/PHGDH/DAG1/ZEB2/PTEN	8
GO:0061326	renal tubule development	7/315	106/18805	0.0660377358490566	3.942348008385744	3.9650596238922637	0.0020505796259985896	0.02734935476390764	0.022341911107208807	GLI3/COL4A1/AHI1/DCHS1/GPC3/MEF2C/BMP4	7
GO:0048193	Golgi vesicle transport	13/315	306/18805	0.042483660130718956	2.536207075422762	3.536293401469736	0.0020553538372673507	0.02734935476390764	0.022341911107208807	CCDC22/COG1/ARL3/VPS35L/VPS51/MACF1/TBC1D20/ATP9A/BICD2/EXOC2/COG8/PGAP1/TRAPPC9	13
GO:1901888	regulation of cell junction assembly	12/315	270/18805	0.044444444444444446	2.65326278659612	3.5714076105935786	0.0020843918482939586	0.027523542811832807	0.02248420674512338	FGFR1/MUSK/NPHP1/SRPX2/PTEN/RAC1/CNTNAP2/MACF1/GPC4/RAP1B/MEF2C/VLDLR	12
GO:0071214	cellular response to abiotic stimulus	14/315	344/18805	0.040697674418604654	2.429586563307494	3.492802347803287	0.002089337764056134	0.027523542811832807	0.02248420674512338	HRAS/DDX3X/PIEZO2/DAG1/ATR/PTEN/TAF1/LETM1/ARHGEF2/RAB11B/CRB1/AIPL1/GUCY2D/GRM1	14
GO:0104004	cellular response to environmental stimulus	14/315	344/18805	0.040697674418604654	2.429586563307494	3.492802347803287	0.002089337764056134	0.027523542811832807	0.02248420674512338	HRAS/DDX3X/PIEZO2/DAG1/ATR/PTEN/TAF1/LETM1/ARHGEF2/RAB11B/CRB1/AIPL1/GUCY2D/GRM1	14
GO:0006644	phospholipid metabolic process	15/315	383/18805	0.0391644908616188	2.338057938580132	3.453169207526557	0.002128375016638321	0.027944644736726396	0.02282820834422008	PGAP2/FAR1/MTM1/INPP5E/PIGU/SRD5A3/PI4KA/PTEN/PAFAH1B1/FIG4/MVK/PIGN/PLCH1/PCYT1A/PGAP1	15
GO:0035115	embryonic forelimb morphogenesis	4/315	33/18805	0.12121212121212122	7.236171236171237	4.6798471806309685	0.0021547328606589863	0.028103974473017535	0.022958366106100785	ALX4/RPGRIP1L/LNPK/TFAP2A	4
GO:0090162	establishment of epithelial cell polarity	4/315	33/18805	0.12121212121212122	7.236171236171237	4.6798471806309685	0.0021547328606589863	0.028103974473017535	0.022958366106100785	CDC42/LAMA1/FRMD4A/OPHN1	4
GO:0006361	transcription initiation at RNA polymerase I promoter	3/315	16/18805	0.1875	11.193452380952381	5.324041096208459	0.0022174833406248375	0.028467575013700498	0.023255394355161794	SMARCA4/SMARCB1/TAF1	3
GO:0021819	layer formation in cerebral cortex	3/315	16/18805	0.1875	11.193452380952381	5.324041096208459	0.0022174833406248375	0.028467575013700498	0.023255394355161794	GLI3/ADGRG1/PAFAH1B1	3
GO:0021904	dorsal/ventral neural tube patterning	3/315	16/18805	0.1875	11.193452380952381	5.324041096208459	0.0022174833406248375	0.028467575013700498	0.023255394355161794	GLI3/TCTN1/BMP4	3
GO:0043584	nose development	3/315	16/18805	0.1875	11.193452380952381	5.324041096208459	0.0022174833406248375	0.028467575013700498	0.023255394355161794	GLI3/CHD7/RPGRIP1L	3
GO:0007605	sensory perception of sound	9/315	169/18805	0.05325443786982249	3.179205409974641	3.714301146588104	0.002231890297230137	0.028467575013700498	0.023255394355161794	CHD7/POMGNT1/FGFR1/KCNQ1/LARGE1/GJB6/GJB2/TFAP2A/PGAP1	9
GO:0031016	pancreas development	6/315	80/18805	0.075	4.477380952380952	4.068162514974853	0.002239647127055616	0.028467575013700498	0.023255394355161794	SOX4/NPHP3/IGF2/WLS/PTF1A/BMP4	6
GO:0035914	skeletal muscle cell differentiation	6/315	80/18805	0.075	4.477380952380952	4.068162514974853	0.002239647127055616	0.028467575013700498	0.023255394355161794	KRAS/SOX11/MYOD1/FKRP/LARGE1/MEF2C	6
GO:0045815	transcription initiation-coupled chromatin remodeling	5/315	55/18805	0.09090909090909091	5.427128427128427	4.29155588141141	0.0022402367989020383	0.028467575013700498	0.023255394355161794	ARID1B/SMARCA4/SMARCB1/ARID1A/SMARCD1	5
GO:0021549	cerebellum development	7/315	108/18805	0.06481481481481481	3.8693415637860085	3.9031937135941788	0.002280833594890331	0.02883128019894776	0.023552508089221387	RERE/RPGRIP1L/TUBA1A/FOXC1/PTF1A/KIF14/OPHN1	7
GO:0032386	regulation of intracellular transport	12/315	273/18805	0.04395604395604396	2.6241060526774818	3.5281456475042265	0.0022834490643397387	0.02883128019894776	0.023552508089221387	ZIC1/GLI3/CDC42/DYNC1H1/RBM10/SUFU/TBC1D20/ATP9A/RAB11B/CEP290/PGAP1/BMP4	12
GO:0048565	digestive tract development	8/315	138/18805	0.057971014492753624	3.46077754773407	3.786923898175421	0.00229422417835746	0.028875076283021283	0.023588285467724873	GLI3/SOX11/NPHP3/KCNQ1/ALX4/IFT172/AHI1/DCHS1	8
GO:0070897	transcription preinitiation complex assembly	6/315	81/18805	0.07407407407407407	4.422104644326866	4.028546876145435	0.0023854581718342556	0.029859523208197358	0.024392488195062137	SMARCA4/SMARCB1/TAF4/TAF1/BRF1/MED11	6
GO:0051851	host-mediated perturbation of symbiont process	7/315	109/18805	0.06422018348623854	3.8338430173292566	3.872813917998529	0.0024031880244434803	0.029859523208197358	0.024392488195062137	CSF1R/SMARCA4/SMARCB1/CDC42/PI4KA/EPG5/TBC1D20	7
GO:0007435	salivary gland morphogenesis	4/315	34/18805	0.11764705882352941	7.023342670401495	4.588230920247722	0.002410219611187995	0.029859523208197358	0.024392488195062137	FGFR1/CDC42/DAG1/LAMA1	4
GO:0051647	nucleus localization	4/315	34/18805	0.11764705882352941	7.023342670401495	4.588230920247722	0.002410219611187995	0.029859523208197358	0.024392488195062137	CDC42/CEP120/DYNC1H1/PAFAH1B1	4
GO:0060914	heart formation	4/315	34/18805	0.11764705882352941	7.023342670401495	4.588230920247722	0.002410219611187995	0.029859523208197358	0.024392488195062137	ROBO1/MKS1/MEF2C/BMP4	4
GO:0030111	regulation of Wnt signaling pathway	14/315	350/18805	0.04	2.3879365079365082	3.421043051110569	0.0024463370784865122	0.030212262919308425	0.02468064414380965	GLI3/IFT80/SMARCA4/SOX4/NPHP3/DDX3X/TMEM237/APC2/MKS1/ZEB2/CBY1/WLS/MACF1/GPC3	14
GO:0034728	nucleosome organization	8/315	140/18805	0.05714285714285714	3.411337868480725	3.737834169231999	0.0025090929845647766	0.03089076471962616	0.025234917801804136	SMARCA4/SMARCB1/ARID1A/SMARCC2/SMARCD1/ARID2/SMARCE1/H3-3A	8
GO:0003151	outflow tract morphogenesis	6/315	82/18805	0.07317073170731707	4.368176538908246	3.9895691462379164	0.0025382974363564897	0.03115326543006474	0.025449356774453594	SOX11/CDC42/ROBO1/FOXC1/MEF2C/BMP4	6
GO:0071695	anatomical structure maturation	12/315	277/18805	0.04332129963898917	2.5862128244799725	3.471354868846575	0.0025727620047875967	0.03147849982328353	0.025715043404541504	EBP/IFT80/TRIP13/FGFR1/WASHC5/CDKN1C/DAG1/H3-3A/RERE/DCHS1/CNTNAP2/KIF14	12
GO:0030865	cortical cytoskeleton organization	5/315	57/18805	0.08771929824561403	5.2367028682818155	4.181190016748695	0.002624215110402429	0.03181812797801986	0.02599248841588188	KIF21A/VPS4A/PPFIBP1/RAC1/PAFAH1B1	5
GO:0010948	negative regulation of cell cycle process	13/315	315/18805	0.04126984126984127	2.4637440161249686	3.419510145115763	0.0026426356447285435	0.03181812797801986	0.02599248841588188	BUB3/BUB1/TRIP13/BUB1B/VPS4A/KNL1/CENPF/ATR/MRE11/PTEN/PRKDC/TMEM67/BMP4	13
GO:0045198	establishment of epithelial cell apical/basal polarity	3/315	17/18805	0.17647058823529413	10.535014005602243	5.133546057484266	0.002659501033225974	0.03181812797801986	0.02599248841588188	CDC42/LAMA1/OPHN1	3
GO:0090100	positive regulation of transmembrane receptor protein serine/threonine kinase signaling pathway	7/315	111/18805	0.06306306306306306	3.7647647647647644	3.8131202277849563	0.0026630135027025377	0.03181812797801986	0.02599248841588188	SOX11/CDKN1C/ZNF423/ZEB2/GPC3/GDF6/BMP4	7
GO:0034505	tooth mineralization	4/315	35/18805	0.11428571428571428	6.82267573696145	4.500247854146897	0.0026857883146307196	0.03181812797801986	0.02599248841588188	FGFR1/BCOR/WLS/TFAP2A	4
GO:0099633	protein localization to postsynaptic specialization membrane	4/315	35/18805	0.11428571428571428	6.82267573696145	4.500247854146897	0.0026857883146307196	0.03181812797801986	0.02599248841588188	HRAS/RAPSN/DAG1/GPC4	4
GO:0099645	neurotransmitter receptor localization to postsynaptic specialization membrane	4/315	35/18805	0.11428571428571428	6.82267573696145	4.500247854146897	0.0026857883146307196	0.03181812797801986	0.02599248841588188	HRAS/RAPSN/DAG1/GPC4	4
GO:0048496	maintenance of animal organ identity	2/315	5/18805	0.4	23.87936507936508	6.678239475234209	0.002705184969791162	0.03181812797801986	0.02599248841588188	NPHP3/IQCB1	2
GO:0050747	positive regulation of lipoprotein metabolic process	2/315	5/18805	0.4	23.87936507936508	6.678239475234209	0.002705184969791162	0.03181812797801986	0.02599248841588188	RAB3GAP1/RAB3GAP2	2
GO:0051754	meiotic sister chromatid cohesion, centromeric	2/315	5/18805	0.4	23.87936507936508	6.678239475234209	0.002705184969791162	0.03181812797801986	0.02599248841588188	BUB1/BUB1B	2
GO:0062094	stomach development	2/315	5/18805	0.4	23.87936507936508	6.678239475234209	0.002705184969791162	0.03181812797801986	0.02599248841588188	NPHP3/KCNQ1	2
GO:0097500	receptor localization to non-motile cilium	2/315	5/18805	0.4	23.87936507936508	6.678239475234209	0.002705184969791162	0.03181812797801986	0.02599248841588188	IFT80/ARL13B	2
GO:1903061	positive regulation of protein lipidation	2/315	5/18805	0.4	23.87936507936508	6.678239475234209	0.002705184969791162	0.03181812797801986	0.02599248841588188	RAB3GAP1/RAB3GAP2	2
GO:0001667	ameboidal-type cell migration	11/315	243/18805	0.04526748971193416	2.7023972826441964	3.4862908221349445	0.00274202020165584	0.0321556790413765	0.026268236634322855	SEMA3E/CDC42/SEMA6B/ZEB2/PTEN/RAC1/MACF1/PAFAH1B1/GPC3/GDF6/BMP4	11
GO:0045017	glycerolipid biosynthetic process	11/315	246/18805	0.044715447154471545	2.669441218221706	3.4401180203623687	0.003012077736137665	0.035218139684071156	0.02876998572636007	PGAP2/FAR1/MTM1/INPP5E/PIGU/PI4KA/PTEN/FIG4/PIGN/PCYT1A/PGAP1	11
GO:0050680	negative regulation of epithelial cell proliferation	9/315	177/18805	0.05084745762711865	3.0355125100887816	3.551315337349013	0.0030454101922466935	0.035495563097915975	0.02899661517720763	IFT80/B4GALT1/CDKN1C/IFT172/ROBO1/IFT74/GPC3/MEF2C/BMP4	9
GO:0141137	positive regulation of gene expression, epigenetic	5/315	59/18805	0.0847457627118644	5.059187516814635	4.075892830364012	0.0030537680802862938	0.035495563097915975	0.02899661517720763	ARID1B/SMARCA4/SMARCB1/ARID1A/SMARCD1	5
GO:0003128	heart field specification	3/315	18/18805	0.16666666666666666	9.94973544973545	4.958264326240171	0.0031521354136974595	0.03611139530856605	0.02949969353595037	ROBO1/MEF2C/BMP4	3
GO:0016264	gap junction assembly	3/315	18/18805	0.16666666666666666	9.94973544973545	4.958264326240171	0.0031521354136974595	0.03611139530856605	0.02949969353595037	GJB6/GJB2/CNTNAP2	3
GO:0071895	odontoblast differentiation	3/315	18/18805	0.16666666666666666	9.94973544973545	4.958264326240171	0.0031521354136974595	0.03611139530856605	0.02949969353595037	IFT80/TUBB/BMP4	3
GO:0097401	synaptic vesicle lumen acidification	3/315	18/18805	0.16666666666666666	9.94973544973545	4.958264326240171	0.0031521354136974595	0.03611139530856605	0.02949969353595037	ATP6V1B2/ATP6V1A/ATP6V1E1	3
GO:0031346	positive regulation of cell projection organization	14/315	360/18805	0.03888888888888889	2.321604938271605	3.3046503530114495	0.003152437090449212	0.03611139530856605	0.02949969353595037	HRAS/TBC1D24/FGFR1/CDC42/WASHC5/ROBO1/CEP120/TUBB2B/RAC1/MACF1/PAFAH1B1/FIG4/L1CAM/VLDLR	14
GO:0060350	endochondral bone morphogenesis	5/315	60/18805	0.08333333333333333	4.974867724867725	4.025015213480376	0.0032865598275488885	0.037263919449812846	0.030441199912789263	IFT80/FOSL2/FOXC1/MEF2C/BMP4	5
GO:0010770	positive regulation of cell morphogenesis	4/315	37/18805	0.10810810810810811	6.453882453882454	4.334206316182242	0.0033001952954034657	0.037263919449812846	0.030441199912789263	TBC1D24/MPL/PRKDC/PAFAH1B1	4
GO:0021799	cerebral cortex radially oriented cell migration	4/315	37/18805	0.10810810810810811	6.453882453882454	4.334206316182242	0.0033001952954034657	0.037263919449812846	0.030441199912789263	GLI3/LAMB1/ADGRG1/PAFAH1B1	4
GO:0031076	embryonic camera-type eye development	4/315	37/18805	0.10810810810810811	6.453882453882454	4.334206316182242	0.0033001952954034657	0.037263919449812846	0.030441199912789263	SOX11/IFT172/TFAP2A/IFT140	4
GO:0031114	regulation of microtubule depolymerization	4/315	37/18805	0.10810810810810811	6.453882453882454	4.334206316182242	0.0033001952954034657	0.037263919449812846	0.030441199912789263	KIF21A/APC2/ARHGEF2/MID1	4
GO:0002065	columnar/cuboidal epithelial cell differentiation	7/315	116/18805	0.0603448275862069	3.6024904214559386	3.6697547807362785	0.0034070716307081296	0.03836110280501005	0.03133749794986305	IFT80/SOX4/SOX11/TUBB/TMEM231/B9D1/BMP4	7
GO:0035265	organ growth	9/315	181/18805	0.049723756906077346	2.9684293606945538	3.4732383109134313	0.0035316080140915694	0.039650326340028075	0.032390675177089844	IFT80/ARID2/FGFR1/EVC/IGF2/FOSL2/FOXC1/PTEN/MEF2C	9
GO:0045786	negative regulation of cell cycle	15/315	405/18805	0.037037037037037035	2.211052322163433	3.2158327180647577	0.003601366133758515	0.04031897722553442	0.032936901542380694	BUB3/BUB1/TRIP13/BUB1B/CDKN1C/VPS4A/KNL1/CENPF/ATR/FOXC1/MRE11/PTEN/PRKDC/TMEM67/BMP4	15
GO:0007431	salivary gland development	4/315	38/18805	0.10526315789473684	6.284043441938179	4.255716540731359	0.003640517157455143	0.040527672693697815	0.03310738657350607	FGFR1/CDC42/DAG1/LAMA1	4
GO:0048854	brain morphogenesis	4/315	38/18805	0.10526315789473684	6.284043441938179	4.255716540731359	0.003640517157455143	0.040527672693697815	0.03310738657350607	TUBA1A/PTEN/VPS51/PAFAH1B1	4
GO:0016331	morphogenesis of embryonic epithelium	8/315	149/18805	0.053691275167785234	3.2052839032704803	3.527445542435806	0.0036779883259503393	0.04069949188779805	0.033247747075398626	SOX11/IFT172/MKS1/CC2D2A/TCTN1/SUFU/TFAP2A/BMP4	8
GO:0035720	intraciliary anterograde transport	3/315	19/18805	0.15789473684210525	9.426065162907268	4.796190201206948	0.00369714513859299	0.04069949188779805	0.033247747075398626	IFT80/IFT172/IFT74	3
GO:0097094	craniofacial suture morphogenesis	3/315	19/18805	0.15789473684210525	9.426065162907268	4.796190201206948	0.00369714513859299	0.04069949188779805	0.033247747075398626	GLI3/TMEM107/BMP4	3
GO:0098696	regulation of neurotransmitter receptor localization to postsynaptic specialization membrane	3/315	19/18805	0.15789473684210525	9.426065162907268	4.796190201206948	0.00369714513859299	0.04069949188779805	0.033247747075398626	HRAS/DAG1/GPC4	3
GO:0022037	metencephalon development	7/315	118/18805	0.059322033898305086	3.5414312617702453	3.6146106282505177	0.003745389749705434	0.04111605636343299	0.0335880419951654	RERE/RPGRIP1L/TUBA1A/FOXC1/PTF1A/KIF14/OPHN1	7
GO:0003179	heart valve morphogenesis	5/315	62/18805	0.08064516129032258	4.814388120839734	3.9265679367148802	0.0037900217525629787	0.04137614907770412	0.0338005138560938	SOX4/ROBO1/DCHS1/MEF2C/BMP4	5
GO:0007062	sister chromatid cohesion	5/315	62/18805	0.08064516129032258	4.814388120839734	3.9265679367148802	0.0037900217525629787	0.04137614907770412	0.0338005138560938	ESCO2/BUB1/BUB1B/POGZ/MRE11	5
GO:0009791	post-embryonic development	6/315	89/18805	0.06741573033707865	4.024612092027822	3.733104194913905	0.003822779722359948	0.041618802927731444	0.033998739766501265	ALX4/LARGE1/ATN1/CRB1/ITPR1/BMP4	6
GO:0009952	anterior/posterior pattern specification	10/315	219/18805	0.045662100456621	2.7259549177357396	3.353285115953373	0.003961204161553817	0.042631995904585655	0.03482642537805354	GLI3/ALX4/PCGF2/FOXC1/OFD1/PRKDC/WLS/GPC3/PGAP1/BMP4	10
GO:0006564	L-serine biosynthetic process	2/315	6/18805	0.3333333333333333	19.8994708994709	6.0432399693250565	0.0040129307885895405	0.042631995904585655	0.03482642537805354	PHGDH/PSAT1	2
GO:0009298	GDP-mannose biosynthetic process	2/315	6/18805	0.3333333333333333	19.8994708994709	6.0432399693250565	0.0040129307885895405	0.042631995904585655	0.03482642537805354	GMPPB/PMM2	2
GO:0009886	post-embryonic animal morphogenesis	2/315	6/18805	0.3333333333333333	19.8994708994709	6.0432399693250565	0.0040129307885895405	0.042631995904585655	0.03482642537805354	LARGE1/CRB1	2
GO:0016255	attachment of GPI anchor to protein	2/315	6/18805	0.3333333333333333	19.8994708994709	6.0432399693250565	0.0040129307885895405	0.042631995904585655	0.03482642537805354	PIGU/PGAP1	2
GO:0048633	positive regulation of skeletal muscle tissue growth	2/315	6/18805	0.3333333333333333	19.8994708994709	6.0432399693250565	0.0040129307885895405	0.042631995904585655	0.03482642537805354	MTM1/IGF2	2
GO:0061304	retinal blood vessel morphogenesis	2/315	6/18805	0.3333333333333333	19.8994708994709	6.0432399693250565	0.0040129307885895405	0.042631995904585655	0.03482642537805354	COL4A1/LAMA1	2
GO:0071529	cementum mineralization	2/315	6/18805	0.3333333333333333	19.8994708994709	6.0432399693250565	0.0040129307885895405	0.042631995904585655	0.03482642537805354	FGFR1/WLS	2
GO:1990349	gap junction-mediated intercellular transport	2/315	6/18805	0.3333333333333333	19.8994708994709	6.0432399693250565	0.0040129307885895405	0.042631995904585655	0.03482642537805354	GJB6/GJB2	2
GO:0016197	endosomal transport	12/315	293/18805	0.040955631399317405	2.44498618560052	3.253739481098964	0.00404344022413487	0.04284095379565953	0.034997124784596156	BLTP1/MAGEL2/CCDC22/WASHC5/VPS4A/DENND5A/EPG5/VPS35L/VPS51/ATP9A/RAB11B/WDR81	12
GO:0002696	positive regulation of leukocyte activation	14/315	372/18805	0.03763440860215054	2.2467144563918757	3.1699498852997188	0.00421185789519406	0.044506049202692306	0.03635735481159635	GLI3/ARID1B/SMARCA4/SMARCB1/SOX4/ARID1A/SMARCC2/SMARCD1/ARID2/SMARCE1/IGF2/MPL/PRKDC/MEF2C	14
GO:0061298	retina vasculature development in camera-type eye	3/315	20/18805	0.15	8.954761904761904	4.645671807923272	0.004296157179777212	0.045155354187445595	0.036887777352678355	COL4A1/LARGE1/LAMA1	3
GO:0071625	vocalization behavior	3/315	20/18805	0.15	8.954761904761904	4.645671807923272	0.004296157179777212	0.045155354187445595	0.036887777352678355	GLI3/SRPX2/CNTNAP2	3
GO:0099504	synaptic vesicle cycle	10/315	222/18805	0.04504504504504504	2.689117689117689	3.304383359239765	0.004357674062078033	0.045680445340404205	0.03731672860084693	TBC1D24/BLTP1/ATP6V1B2/ATP6V1A/ATP6V1E1/RAB3GAP1/SYT2/PTEN/RAP1B/OPHN1	10
GO:0048873	homeostasis of number of cells within a tissue	4/315	40/18805	0.1	5.96984126984127	4.106862588375062	0.00439101257763548	0.04578702297312775	0.03740379273880855	KRAS/FOSL2/TUBA1A/EPG5	4
GO:0090659	walking behavior	4/315	40/18805	0.1	5.96984126984127	4.106862588375062	0.00439101257763548	0.04578702297312775	0.03740379273880855	ZIC1/CHD7/FKRP/LARGE1	4
GO:0048285	organelle fission	17/315	498/18805	0.03413654618473896	2.0378976222349716	3.0638855626585735	0.0045680763232307554	0.04750799376159986	0.0388096678209106	BUB3/BUB1/TRIP13/BUB1B/CDC42/WASHC5/CDKN1C/IGF2/VPS4A/NCAPG2/KNL1/CENPF/PIBF1/MRE11/PTEN/KIF14/BMP4	17
GO:0040014	regulation of multicellular organism growth	5/315	65/18805	0.07692307692307693	4.592185592185593	3.786540394909577	0.0046454294833275815	0.0481856622522588	0.039363260741444105	CHD7/FTO/IGF2/FOSL2/MBD5	5
GO:0050870	positive regulation of T cell activation	11/315	261/18805	0.0421455938697318	2.5160250562549415	3.219117775081076	0.004701129091411154	0.048526025202228	0.039641306013006944	GLI3/ARID1B/SMARCA4/SMARCB1/SOX4/ARID1A/SMARCC2/SMARCD1/ARID2/SMARCE1/IGF2	11
GO:0035821	modulation of process of another organism	7/315	123/18805	0.056910569105691054	3.3974706413730806	3.48181836830207	0.004702800519345476	0.048526025202228	0.039641306013006944	CSF1R/SMARCA4/SMARCB1/CDC42/PI4KA/EPG5/TBC1D20	7
GO:0072384	organelle transport along microtubule	6/315	93/18805	0.06451612903225806	3.851510496671787	3.5980590541834157	0.004744351236373665	0.04882728147434564	0.03988740472027969	CDC42/KIF5A/LRPPRC/TUBA1A/PAFAH1B1/BICD2	6
GO:0030513	positive regulation of BMP signaling pathway	4/315	41/18805	0.0975609756097561	5.824235385210995	4.0361718455518805	0.004802591179139043	0.04917057082890544	0.040167840595635246	SOX11/ZNF423/GPC3/BMP4	4
GO:0035136	forelimb morphogenesis	4/315	41/18805	0.0975609756097561	5.824235385210995	4.0361718455518805	0.004802591179139043	0.04917057082890544	0.040167840595635246	ALX4/RPGRIP1L/LNPK/TFAP2A	4
