gene	degree	betweenness	clustering	module
XYLT2	5	1.4814505163140157e-4	0.4	20
UQCRC1	41	0.006012217911956446	0.676829268292683	3
STX1B	8	1.4937697555587686e-4	0.5357142857142857	5
PIGQ	6	0	1	11
SUPT16H	13	5.97445926393199e-4	0.4358974358974359	2
HSD17B10	11	0.005782484222341254	0.21818181818181817	4
AAAS	11	8.096048381696417e-4	0.2363636363636364	10
ABCD1	12	6.86258201502527e-5	0.9090909090909091	13
MAPK1	44	0.01916755136577795	0.15856236786469344	1
DLD	31	0.009228823613783013	0.2129032258064516	4
ITGA3	10	0.0018783143220911054	0.26666666666666666	1
ACO2	22	0.006263829897168469	0.30735930735930733	3
SNAP29	8	0.0013563973847309412	0.5	5
PIGH	6	0	1	11
OGDH	17	0.001862295759808801	0.40441176470588236	4
CYP24A1	3	5.758973730190356e-4	0.6666666666666666	94
AGO2	28	0.02096143868154185	0.17989417989417988	2
GCK	13	0.015166436797981152	0.28205128205128205	10
RALA	8	5.678590706404363e-4	0.39285714285714285	1
COL1A1	11	0.014643071721489202	0.2727272727272727	12
USP18	1	0	0	18
ERCC1	21	0.002046534029741639	0.42857142857142855	2
MLH1	9	6.930400901201738e-4	0.5833333333333334	2
ATP5F1D	37	0.002729571488608233	0.5795795795795795	3
MSH2	22	0.00470138620341693	0.38961038961038963	2
NDUFS7	44	4.5208027236883473e-4	0.7399577167019027	3
NUP107	16	8.096559268698429e-4	0.6416666666666667	10
TGFB1	17	0.012892555607654257	0.16911764705882354	1
GDAP1	10	0	1	13
GCDH	7	0.0011911427106803276	0.4285714285714286	4
SPR	8	0.0037332372416482946	0.25	5
PQBP1	1	0	0	81
BBS9	13	3.897632520644438e-4	0.858974358974359	21
ASNS	5	0.002064717944085742	0.6	8
TPI1	7	0.002181767962826453	0.38095238095238093	23
BBS2	13	3.897632520644438e-4	0.858974358974359	21
COX15	6	3.4052287673975957e-4	0.4	24
EFNB1	15	0.0018461782106611235	0.34285714285714286	1
OTC	6	0.0015317137223333295	0.2	8
TUBGCP6	3	0	1	71
CLCN6	4	3.999449419154464e-6	0.5	1
RRAS	12	0.001738287620035495	0.07575757575757576	1
RAP1B	10	2.6572700178064784e-4	0.4666666666666667	1
NDUFB3	37	0.004290505731184507	0.8723723723723724	3
ATP5F1E	13	1.5683681432557983e-4	0.5641025641025641	3
COX6B1	27	2.1178083628956422e-4	0.811965811965812	3
PON1	1	0	0	1
PLOD1	3	0.0012587888153846056	0	112
NDUFA2	41	0.00406596979124816	0.8146341463414635	3
EIF2AK1	1	0	0	18
EIF2AK2	4	0.005853008074061569	0	18
TARDBP	13	0.0037595941062609542	0.3076923076923077	2
MRPS34	7	8.429635533212765e-7	0.9047619047619048	22
H4C5	19	0.0019352231467290929	0.1871345029239766	2
DLL4	3	0	1	2
STX1A	25	0.01689435440720269	0.18999999999999997	5
SOS2	5	1.2042616975338835e-6	0.9	1
RAF1	32	0.008963032606904727	0.21975806451612903	1
ATIC	13	0.005220555636638527	0.44871794871794873	9
RARS1	12	6.395596533309247e-5	0.8030303030303031	6
B9D2	11	1.1578057776143194e-5	0.9272727272727274	17
GOSR2	6	0.0019813749572599438	0.4	19
COPB1	4	0.0013644110714155007	0.3333333333333333	1
APOE	12	0.0090411626423683	0.15151515151515152	1
NDUFA10	42	0.0012235726680879095	0.7735191637630662	3
TUBG1	3	0	1	71
IFT81	6	0	1	48
TRIP13	2	0	1	14
TUBB2B	12	0.004460101472488298	0.19696969696969696	7
LAMB1	20	0.005648279777572747	0.4789473684210526	1
SLC32A1	6	0.004199693394701221	0.13333333333333333	5
SNAP25	18	0.002771833342767923	0.33986928104575165	5
FKTN	7	0.0012017795875495134	0.4285714285714286	31
UBE3A	8	0.003760349906791841	0.21428571428571427	2
ODC1	5	0.002936721270728299	0.3	8
ARSA	3	0.0023035894920761424	0.3333333333333333	29
B4GALT7	8	1.4921791433562863e-4	0.6071428571428571	20
CPSF3	10	8.76218214087205e-4	0.4666666666666667	10
IPO8	9	1.6742639893159e-6	0.8055555555555556	10
TMEM231	11	3.6058477439543005e-5	0.8909090909090909	17
SCO1	5	2.3749271186206973e-5	0.4	24
ZFYVE26	3	0.0011525610765410906	0.3333333333333333	77
NARS1	12	4.8664454051194145e-5	0.7727272727272727	6
CARS2	7	5.972512333055507e-7	0.8095238095238094	6
FIG4	3	1.5326610060386844e-6	0.3333333333333333	65
PIK3R2	10	2.9569472085885524e-4	0.4444444444444444	1
KRAS	61	0.029920546618629695	0.15573770491803277	1
AP4S1	6	0	1	15
MTFMT	5	0.0012099313995749504	0.5	4
AARS1	21	0.001124171255713641	0.5285714285714286	6
PSMC1	14	0.004220362150865211	0.2967032967032967	1
DDB2	9	7.841193793957153e-4	0.5	2
MYOD1	9	0.0012837502317696837	0.3055555555555556	2
HNF1A	8	0.0014805370685820076	0.5	2
YY1	17	0.004048863081298966	0.22794117647058823	2
TAF4	18	0.001248124517490551	0.4444444444444444	2
DAO	12	0.004282963294334354	0.5909090909090909	4
GNB5	6	4.6011854363514696e-4	0.26666666666666666	1
CREBBP	40	0.031566711594161204	0.1641025641025641	2
PROKR2	2	0.0011525610765410906	0	131
GOT2	20	0.013581347672712078	0.14210526315789473	3
ACTL6B	11	3.5601208160134095e-5	0.7636363636363637	2
RNF125	2	5.547411336725174e-5	0	62
H3-3A	7	1.1846513086788186e-4	0.2857142857142857	2
LMNB1	10	0.0018694556137213215	0.2222222222222222	1
CTSD	5	0.002265821021549131	0	5
SOX9	5	0.00337149956969564	0.1	2
TTC5	4	1.5669871088265166e-4	0.6666666666666666	2
RORA	4	1.0315947855026046e-4	0.5	2
KMT2C	11	1.5547888347817922e-4	0.5636363636363637	2
SRCAP	4	1.8698428739061511e-4	0.16666666666666666	2
EP300	64	0.07523432099738556	0.09523809523809523	2
JAG1	6	2.8889117987791925e-4	0.5333333333333333	2
ST3GAL3	3	1.1202951249108058e-6	0.6666666666666666	2
NDUFAF1	38	0.0014112727073083906	0.689900426742532	3
OTUD5	1	0	0	62
FOXRED1	3	0	1	3
VPS4A	2	0	1	79
POLR3B	8	0.0017612521075083068	0.5357142857142857	32
PDGFRB	16	9.82629610883628e-4	0.5	1
MAP2K2	20	0.0014282009516581166	0.5473684210526316	1
STAG2	8	4.406556365261146e-4	0.7142857142857143	35
TCN2	1	0	0	1
PIK3CA	50	0.027748271899378178	0.18448979591836734	1
CHMP2B	15	0.008315712429238393	0.18095238095238095	7
RRM2B	4	0.013317569374454299	0.16666666666666666	9
AARS2	5	1.0042164319195298e-5	0.8	6
MARS1	23	0.0047677393666449765	0.46640316205533594	6
MKKS	12	0.0015915839696373016	0.8333333333333333	21
NUP133	16	8.096559268698429e-4	0.6416666666666667	10
YWHAE	24	0.017428899335971457	0.2463768115942029	1
ATP7B	1	0	0	119
ATP6V1E1	10	0.001805806348632149	0.5333333333333333	26
LRPPRC	4	9.994082182362484e-5	0.3333333333333333	1
ASPA	5	6.446806708797801e-4	0.6	8
AHCY	4	0.007052193947499724	0.16666666666666666	2
HDAC4	14	0.007352171054812526	0.26373626373626374	10
NDUFS3	49	0.001170924726795547	0.6267006802721088	3
MSH6	20	0.0010309576586817002	0.4421052631578948	2
PPARGC1A	15	0.013604426146454116	0.21904761904761907	2
SMARCB1	18	0.0010060424208640428	0.5098039215686274	2
ACADS	10	8.495762934190519e-5	0.4666666666666667	4
MLYCD	14	0.0010086156884772442	0.5274725274725275	4
EIF2S3	12	0.009727162890363605	0.1212121212121212	18
PMPCB	18	0.013277926164441203	0.2418300653594771	3
SDHA	17	4.770066499364593e-4	0.5588235294117647	3
SMARCA2	14	5.015290321176344e-4	0.6373626373626374	2
RBL2	6	3.615253573192329e-4	0.33333333333333337	1
HIRA	4	3.227410260210683e-4	0.16666666666666666	2
BBS7	13	3.897632520644438e-4	0.858974358974359	21
HEXB	5	0.001211072857121705	0.4	41
NDUFA9	44	0.0019213419465632826	0.7272727272727273	3
RFC2	4	3.530600379688208e-5	0.8333333333333334	2
VRK1	4	0.004517786138155895	0.16666666666666666	1
CSNK2A1	8	0.001387444917243361	0.25	2
STUB1	9	0.005730920458766429	0.2222222222222222	1
MED17	10	0.00411812094649944	0.6888888888888889	27
KDM6B	3	3.9674130701849124e-5	0.3333333333333333	2
DGCR8	4	7.640070039189132e-5	0.8333333333333334	2
BRD4	8	8.127822997767846e-4	0.32142857142857145	2
DNMT3A	9	0.0035005478738318182	0.3055555555555556	2
PMS2	8	6.412178050725499e-4	0.6428571428571429	2
RB1	25	0.023094125877316685	0.13	2
POLG	7	0.003840637966103946	0.5238095238095238	2
PSMB1	13	0.006475107875819249	0.3333333333333333	1
PRDX1	3	4.17623944987767e-4	0	1
TP53	87	0.12572500724577312	0.047580860732424485	2
KIF11	12	0.0036257195104955147	0.19696969696969696	14
FBXW11	4	0.003033097649310843	0.16666666666666666	1
OSGEP	5	0.0011525610765410906	0.6	49
MTX2	3	0.0016770021634613212	0	76
ATP6V0A1	6	2.519570535414949e-4	0.8	26
TRMT5	1	0	0	139
NDUFB10	43	1.4704626192665166e-4	0.7663344407530455	3
GABBR2	2	2.8089146794460585e-5	0	63
MCEE	6	0.0016269977472263468	0.33333333333333337	4
NDUFS6	41	2.4760443546274877e-4	0.8060975609756097	3
FUS	6	3.5065211611637657e-4	0.33333333333333337	2
ATP6V1A	10	0.001805806348632149	0.5333333333333333	26
PTCD3	7	2.8098785110709214e-7	0.9047619047619048	22
NDUFB11	34	4.025691416235089e-6	0.9500891265597148	3
KIDINS220	3	0	1	1
STAT3	28	0.04095851759264119	0.1322751322751323	1
CDH2	16	0.00329639907405473	0.23333333333333334	1
APC	9	9.655397719729286e-4	0.3333333333333333	1
NUP54	15	8.096048381696417e-4	0.6	10
CHRNA1	12	3.37021492015958e-4	0.8333333333333333	1
TAOK1	1	0	0	2
TELO2	4	3.2227604726450847e-4	0.5	2
ERCC8	17	3.5416763949086506e-4	0.5661764705882353	2
PIGU	5	0	1	46
BBS4	14	0.0019849092331052183	0.7472527472527472	21
PDHX	8	4.074572340669513e-6	0.8928571428571429	4
ACAT1	13	0.0014122328565123253	0.4102564102564103	4
PRKG2	5	0.006413886984736922	0.1	5
SPTBN4	8	0.006965147760167641	0.35714285714285715	1
NDUFB9	43	2.2453149606326838e-4	0.778516057585825	3
WARS2	5	6.762165864396856e-5	0.6	6
BCKDHA	12	1.214320248556162e-4	0.5	4
MMUT	9	0.0037347066396906403	0.25	4
NOTCH1	25	0.021242617957767457	0.11333333333333334	2
SLC3A1	3	0	1	70
PRKCG	7	0.0012679864610402308	0.2380952380952381	1
HIKESHI	8	1.6742639893159e-6	0.75	10
LZTR1	3	0	1	66
TTR	2	0.0011525610765410906	0	109
SORL1	4	0.0014188548703927084	0.16666666666666666	25
ATM	33	0.019204596912135333	0.23106060606060605	2
ATP6V1B2	10	0.001805806348632149	0.5333333333333333	26
XPC	18	0.0020537318577578396	0.5163398692810458	2
RANBP2	19	0.0031030105569365986	0.456140350877193	10
TYROBP	2	0	1	3
CBL	24	0.0049837987884489	0.20652173913043478	1
AMPD2	8	6.501716119214639e-5	0.6785714285714286	9
PDE8B	2	0	1	9
CACNA1C	15	0.004347197102163967	0.30476190476190473	1
NTRK2	17	0.0020624617154244556	0.38235294117647056	1
PAK1	32	0.009153199942203673	0.2862903225806452	1
SETX	3	0.004676653470337973	0.3333333333333333	2
PLK4	6	7.255460494806607e-4	0.4666666666666667	14
ARL3	1	0	0	124
COQ9	6	1.1494957545290132e-6	0.8666666666666666	33
RRAS2	5	3.869950883942624e-5	0.3	1
PEX16	16	3.1109121433552854e-4	0.775	13
PEX1	11	3.0653220120773686e-7	0.9636363636363636	13
BRAF	18	8.687648703868304e-4	0.49673202614379086	1
ATP5MC3	9	7.705708159495015e-6	0.75	3
UFD1	4	7.077186226420474e-4	0.3333333333333333	2
ERLIN2	6	0.0025312756594214974	0.2	1
NGLY1	3	2.1585856700740676e-5	0.6666666666666666	2
PRDM16	4	7.76034356744429e-5	0.16666666666666666	2
MED13L	8	8.97208852039644e-5	0.8928571428571429	27
ATP5PO	18	4.0897777666706013e-4	0.6143790849673203	3
AP4E1	10	0.0010704439764409148	0.4666666666666667	15
GRIA4	10	3.7108151728908764e-4	0.3333333333333333	1
CHKA	3	0.0034458051068264723	0	52
CPT1A	9	9.787924113076258e-4	0.4444444444444444	2
MED27	9	9.002194361586486e-5	0.8611111111111112	27
COG3	12	0.003441011202148589	0.4393939393939394	19
SEC24D	4	8.663465518413457e-4	0.5	28
PEX10	12	3.761986105731316e-7	0.9545454545454546	13
CCT5	12	0.013156124895074114	0.6818181818181818	21
MOGS	3	3.831652515096711e-7	0.6666666666666666	58
BBS5	13	3.897632520644438e-4	0.858974358974359	21
NODAL	1	0	0	115
GRIN2D	7	3.1031035475753216e-5	0.7142857142857143	1
AP2M1	23	0.010486120660706902	0.1699604743083004	15
HBA2	3	0	1	18
NDUFC2	38	1.339693528127978e-4	0.8691322901849217	3
NDUFAF2	3	0	1	3
GET4	1	0	0	149
BMP4	7	0.0010908355811897166	0.5238095238095238	39
DISP1	1	0	0	1
SPARC	3	0.001601555074752386	0.3333333333333333	12
ADAMTS2	8	0.0019407774077341872	0.32142857142857145	12
COL6A3	3	2.873739386322533e-7	0.6666666666666666	12
CTCF	11	0.004697843090426044	0.14545454545454545	2
NIPBL	7	2.485362028835896e-4	0.5238095238095238	35
SPG11	2	0	1	77
PTPN23	2	2.6807401426167353e-4	0	7
SPTLC1	2	0	1	78
PYGL	7	0.0039111851819640655	0.2857142857142857	36
SLC6A3	4	0.0014107872889078169	0.5	5
SHH	14	0.006369158555391312	0.15384615384615385	1
ITGB6	6	0.005660074756812786	0.2	1
LRRK2	12	0.0063468851175001095	0.2727272727272727	1
COX6A2	17	5.589943987541621e-8	0.9852941176470589	3
NDUFS4	41	3.4700525872228004e-4	0.7963414634146342	3
QDPR	6	9.898557065777338e-4	0.4666666666666667	5
COG5	7	0	1	19
COQ5	6	1.1494957545290132e-6	0.8666666666666666	33
PGAP2	1	0	0	145
KDM4B	2	0.0011525610765410906	0	108
EED	17	0.0012142936071940355	0.36764705882352944	2
SNIP1	9	0.007296269471558778	0.4722222222222222	40
PHIP	1	0	0	2
ADAM22	2	7.663305030193422e-7	0	91
BUB1B	10	0.00197306433799086	0.2888888888888889	14
POLR1A	6	0.001722430995515363	0.33333333333333337	32
PEX13	17	3.529286399248811e-4	0.7573529411764706	13
RAPSN	14	0.001429786457773187	0.6593406593406593	1
TK2	3	7.493393521340242e-6	0.3333333333333333	9
B9D1	12	4.7891978716692596e-5	0.8333333333333333	17
RFXAP	1	0	0	86
GNAO1	15	9.653523557331353e-4	0.42857142857142855	1
CACNA1D	12	0.001392362750783172	0.45454545454545453	1
COG1	7	0	1	19
VPS51	4	2.0412031382133168e-4	0.6666666666666666	19
COG7	7	0	1	19
SYT1	12	0.0048429526021364615	0.3333333333333333	5
LOXL1	3	0.0012330326859406667	0.3333333333333333	53
COL1A2	11	0.0016353418300474336	0.2909090909090909	12
SIGMAR1	5	0.002121094698642	0.1	37
TPRKB	4	0	1	49
SIK1	4	0.0013255414943247918	0.16666666666666666	1
MAP2K1	26	0.01527819968331452	0.3846153846153846	1
SLC25A3	2	0	1	3
NDUFB8	44	0.0023721115672129542	0.718816067653277	3
HEXA	5	0.001211072857121705	0.4	41
SETD1A	7	1.760886284261995e-4	0.19047619047619047	2
SMARCC2	19	6.568627409899819e-4	0.5497076023391814	2
MFN2	6	5.19950685580812e-4	0.4	25
DLAT	15	0.0014464057925802016	0.38095238095238093	4
MYL2	7	0.0016166792208974858	0.2380952380952381	1
MYH2	3	3.6878882721936306e-5	0.3333333333333333	1
DARS1	12	4.989838010993369e-5	0.8181818181818182	6
NARS2	11	9.84023745740344e-5	0.7090909090909091	6
MARS2	10	0.0014298801245805572	0.5333333333333333	6
HPRT1	10	2.2194832015425786e-4	0.6444444444444444	9
HNRNPU	11	0.0016236305650271685	0.5454545454545454	2
CAD	8	0.0017851168957793016	0.39285714285714285	8
RNASEH2A	3	0.0023035894920761424	0.3333333333333333	82
UPF3B	1	0	0	10
GABRB1	2	0	1	54
PMM2	4	0.002816861958623351	0.3333333333333333	23
RXYLT1	6	0.002332551316924759	0.33333333333333337	31
LIFR	1	0	0	89
PIGT	7	0.002797037275422437	0.5714285714285714	46
VPS33A	4	1.5326610060386844e-6	0.6666666666666666	56
LIAS	8	0.0022100508922460516	0.39285714285714285	16
KANSL1	7	0	1	2
KMT2D	16	0.003434984798217283	0.26666666666666666	2
TINF2	5	0.0011656191742067529	0.3	2
ERCC3	16	4.2559076146339304e-4	0.5	2
WDR48	2	0	1	2
CYP27A1	2	0.0011525610765410904	0	126
COQ4	6	1.1494957545290132e-6	0.8666666666666666	33
ATXN10	1	0	0	107
MADD	5	9.15031829929933e-4	0	5
STN1	3	9.153256804382646e-5	0	2
TCTN2	11	3.6058477439543005e-5	0.8909090909090909	17
MITF	4	3.932329904045695e-4	0.16666666666666666	2
STX5	15	0.01433672270188849	0.24761904761904763	19
CPLX1	8	2.3461580349393879e-4	0.7142857142857143	5
YWHAG	20	0.005430051669461448	0.34210526315789475	1
ITPR1	11	0.007657139823913402	0.05454545454545454	1
GALC	8	0.003603269713309356	0.35714285714285715	29
GLB1	9	0.01048163052037892	0.05555555555555555	29
ACOX1	28	0.04063598835497603	0.2195767195767196	4
L2HGDH	1	0	0	50
PHYH	1	0	0	13
PEX6	12	3.761986105731316e-7	0.9545454545454546	13
UQCRFS1	50	0.006754330945885316	0.5159183673469387	3
COG8	9	3.232807316876626e-5	0.7222222222222222	19
FARSB	6	1.7583867175388222e-4	0.6666666666666667	6
GBA1	8	0.0062140428972245615	0.32142857142857145	29
NOTCH3	13	0.002821577389602699	0.12820512820512822	2
SEMA3A	3	1.944761096248544e-5	0.3333333333333333	2
SEMA3E	2	0	1	2
STT3B	3	3.831652515096711e-7	0.6666666666666666	58
GLUL	8	0.00678383030378783	0.25	8
LZTFL1	8	0	1	21
COX10	5	2.5653229487743694e-4	0.4	24
NDUFS8	42	3.032173908364931e-4	0.7955865272938444	3
ACAD8	7	7.236244669664033e-5	0.6190476190476191	4
UBAP1	7	7.79045267705782e-4	0.5714285714285714	7
TG	1	0	0	5
GRIA2	21	0.006142860505318929	0.21904761904761907	1
DHTKD1	4	5.7921030224422284e-6	0.6666666666666666	4
PDHB	15	0.0017120461461931082	0.38095238095238093	4
LIPT2	3	0	1	4
BCKDHB	13	1.5625450508907098e-4	0.4743589743589744	4
SOX4	2	0	1	1
SUZ12	18	0.001471840598189133	0.35294117647058826	2
TUBA1A	15	0.0048002934750446405	0.2095238095238095	7
SELENOI	2	0.003453085246605156	0	61
VPS37A	6	4.670526245679661e-4	0.8	7
QARS1	21	2.498126675120577e-4	0.5904761904761905	6
FARS2	4	3.44848726358704e-7	0.6666666666666666	6
CNOT2	4	0	1	34
COX5A	42	0.0033677596030541263	0.6062717770034843	3
CANT1	5	0	1	9
GEMIN5	10	2.3699406064783613e-5	0.6666666666666666	10
ANOS1	4	0.002304322348064606	0.3333333333333333	1
PIGB	6	0.0044444831595327385	0.4666666666666667	11
PIGL	9	0.00150685579869068	0.4722222222222222	11
POMT2	8	0.015689148927295712	0.4642857142857143	31
ALG1	7	0.003668287574984108	0.14285714285714285	11
COQ2	8	0.00917872359991417	0.5	33
RPS23	14	0.014569305121213625	0.14285714285714285	18
TSFM	3	0	1	22
EXOSC5	6	0.0023989817431875633	0.6666666666666667	47
DIS3L2	2	0	1	47
ACAD9	11	9.368699044640021e-4	0.5818181818181818	3
RAD21	9	5.520282118991143e-4	0.5833333333333334	35
CRIPTO	2	0.0011525610765410906	0	115
ARID1A	22	0.0024342799506463456	0.4458874458874459	2
BUB1	10	0.004959255280929644	0.3333333333333333	14
TRAPPC10	6	0	1	30
LRP5	10	0.0026973850016232463	0.2	1
INSR	12	2.91843492066011e-4	0.5303030303030303	1
MLXIPL	4	1.8039244375295534e-5	0.6666666666666666	1
MECR	4	0.0011525610765410906	0.5	4
SOD1	10	0.02022707860085271	0.022222222222222223	1
FARSA	5	1.5326610060386843e-7	0.9	6
YARS2	14	8.238439568483491e-4	0.5274725274725275	6
SRD5A3	2	0.0011525610765410908	0	129
CTBP1	25	0.011233730585758973	0.13333333333333333	2
ERCC4	18	7.136968349337419e-4	0.5424836601307189	2
POLE	14	0.004379796048343212	0.3516483516483516	2
SMC1A	10	0.0012208044689920572	0.5333333333333333	35
EGR2	5	4.472821778650833e-4	0.5	45
CRAT	10	2.1307687967042635e-4	0.8	4
APP	17	0.018137128102351442	0.11029411764705882	1
GNPTAB	1	0	0	1
CTNND2	3	0	1	1
EIF4H	2	0	1	34
CNOT1	5	4.6362847950281246e-4	0.6	34
NDUFV1	43	0.0059002340761258485	0.7508305647840532	3
TSEN2	4	0	1	55
VPS41	4	6.1306440241547375e-6	0.5	56
CRTAP	4	2.4222457259856134e-4	0.3333333333333333	12
ABCB7	1	0	0	16
ISCU	9	0.006268110025443352	0.4444444444444444	16
CAMK2G	20	0.0024566128048596307	0.2736842105263158	1
SCYL1	2	0.0011525610765410906	0	130
EXOC2	6	4.756555548396008e-4	0.4	1
IFIH1	4	0.0028012239025818667	0	62
MRE11	15	0.003555713279721263	0.3523809523809524	2
TRAPPC12	6	0	1	30
ARPC5	4	6.2827428600261505e-6	0.3333333333333333	1
NDUFV2	41	0.0039501564238243626	0.8207317073170731	3
GLRX5	8	0.0014266220583293856	0.42857142857142855	16
D2HGDH	3	0.002000798106511779	0	50
MDH2	19	0.00533213946746957	0.391812865497076	3
CHST14	2	7.663305030193422e-7	0	90
VMA12	10	0.0025398814252103235	0.4444444444444444	3
GAS1	3	0	1	1
SUMF1	2	0.0011525610765410906	0	132
GCSH	15	0.0030435610592906693	0.39999999999999997	4
ALG8	4	0	1	57
MRPL39	4	0.0019754854693056927	0.5	22
TUFM	8	0.009267095255672467	0.2857142857142857	22
CYP27B1	3	5.758973730190356e-4	0.6666666666666666	94
ADK	11	0.0030071495249787664	0.2	9
BPTF	12	0.0017570921660060698	0.15151515151515152	2
SMARCE1	18	4.369379762508832e-4	0.6013071895424836	2
TRAPPC6B	6	0	1	30
AP5Z1	8	0.003453085246605156	0.5714285714285714	15
DHPS	2	0	1	98
CFL2	3	4.367897896161422e-5	0.3333333333333333	1
RPE65	1	0	0	68
PNKP	2	0.0023035894920761424	0	74
RNASEH2C	2	0	1	82
USP9X	3	4.799296987893907e-4	0.3333333333333333	1
BBS1	13	3.897632520644438e-4	0.858974358974359	21
SNCAIP	3	8.34276429843606e-6	0.6666666666666666	1
UCHL1	2	1.476706507875132e-4	0	1
SLC18A2	6	0.0012537916578255531	0.26666666666666666	5
VAMP2	24	0.026571259974779562	0.22101449275362317	5
PLG	6	0.0023172173403427443	0	1
PGM2L1	2	0	1	36
UGDH	3	0	1	36
PEX26	16	2.6902272848844773e-4	0.7833333333333333	13
TRIP4	2	0	1	97
DTYMK	4	0.0010293974180878537	0.3333333333333333	9
IMPDH2	9	7.735049068950515e-5	0.7777777777777778	9
COX8A	5	2.9474250116128548e-8	0.9	3
NDUFA12	43	0.0048618322818175345	0.769656699889258	3
AMMECR1	1	0	0	85
FGF8	9	0.0024450325366756763	0.4166666666666667	1
PSEN1	15	0.008669086999918122	0.10476190476190475	1
SC5D	6	2.072385881289839e-4	0.6	37
TUBB4A	4	6.757076513168271e-4	0	7
BIN1	6	4.144511006588483e-4	0.4666666666666667	1
TUBB3	2	0	1	7
SNCA	23	0.02340575519951148	0.09881422924901186	1
TUBB	3	0	1	7
NKX2-5	9	5.987381794409846e-4	0.3333333333333333	39
KIT	12	5.788324223904745e-4	0.45454545454545453	1
PDPN	1	0	0	1
PPP2R1A	25	0.006695449251255796	0.3466666666666667	1
TBK1	8	0.0052666330315175	0.07142857142857142	1
PDGFB	15	9.404048386716309e-4	0.5238095238095238	1
FGFR3	12	6.740751362542573e-4	0.5151515151515151	1
SMPD1	8	0.008480821517746316	0.25	29
EZH2	26	0.007693051287362854	0.24307692307692308	2
MAPT	22	0.01639669027773802	0.11255411255411256	7
TGFB3	9	8.541359150767107e-4	0.4722222222222222	1
HNF4A	7	2.719317279839789e-4	0.7142857142857143	2
TFE3	2	6.468444908208103e-6	0	2
TGIF1	3	0	1	2
FOXG1	1	0	0	2
MEF2C	17	0.00649648453114289	0.19852941176470587	2
U2AF2	9	0.0019196286636551285	0.5555555555555556	2
PTPN11	40	0.011303542516233245	0.21794871794871795	1
SOX2	11	0.004803185563589543	0.12727272727272726	2
TSHB	2	1.5326610060386844e-6	0	59
LHX4	1	0	0	59
GNB2	6	1.7338036399651115e-5	0.4	1
ADCY6	5	0	1	1
PLCB1	6	2.4029789444974132e-4	0.5333333333333333	1
MCCC1	7	1.2139526186666746e-4	0.4285714285714286	4
POMK	6	0.0012144469453446935	0.5333333333333333	31
EPCAM	1	0	0	1
GJA1	6	5.876879328809658e-4	0.06666666666666667	1
TERT	15	0.011087738995724584	0.19999999999999998	2
PROP1	1	0	0	1
AMER1	3	0	1	1
SMAD4	31	0.014841061725267026	0.11182795698924732	2
CNTNAP1	2	9.344295089112976e-5	0	1
ANK3	8	0.008099631209033634	0.21428571428571427	1
DCX	3	2.1330676356971074e-4	0	1
AP1S1	11	1.74699163881802e-4	0.509090909090909	15
NT5C2	9	3.035532251380197e-4	0.3888888888888889	9
NECAP1	4	2.8531957996053872e-5	0.6666666666666666	15
ATXN1	4	0.002335178061818001	0	81
PLXND1	10	0.003268010540804207	0.17777777777777778	2
CTNNB1	71	0.06559012595572522	0.05754527162977867	1
NAGS	4	4.433441347716692e-4	0.3333333333333333	8
ABCC9	1	0	0	72
ABCC8	2	0.0023035894920761424	0	72
UPB1	6	0.0019781421672725673	0.33333333333333337	8
ATAD1	10	0	1	13
CYB5A	6	0.0015102205045906712	0.6666666666666667	5
GSS	1	0	0	117
CEP120	1	0	0	158
UBA1	5	0.0011487329685387437	0.1	1
FBN1	5	0.003976482966687709	0.1	12
NFASC	5	3.0980320306584256e-4	0.3	1
PIGS	5	0	1	46
VPS35	7	0.0024827239055764862	0.2857142857142857	25
PAX8	1	0	0	159
B4GAT1	2	0.0011525610765410904	0	123
PGAP1	5	0	1	46
WNK1	1	0	0	127
KARS1	22	0.015685840520038036	0.4242424242424242	6
MYL1	7	0.001021054851912896	0.2857142857142857	1
TIMM22	8	0.0024623717214541287	0.5357142857142857	3
PNPLA2	1	0	0	1
ERCC5	15	2.1463244493254106e-4	0.6952380952380952	2
CDK13	2	0.0011525610765410906	0	103
MYO18B	1	0	0	157
SPRED1	6	2.62490703882999e-4	0.6	1
DOCK7	2	0	1	1
HACE1	1	0	0	1
TIAM1	10	3.853104306144167e-5	0.5777777777777778	1
NCF1	6	0.0013635816728681071	0.33333333333333337	1
DOCK6	2	0	1	1
LIMK1	8	5.177998256426562e-4	0.39285714285714285	1
TRIO	4	4.1703770401398e-6	0.6666666666666666	1
RAP1GDS1	1	0	0	1
GNAI1	24	0.00925486407569181	0.2898550724637681	1
UFSP2	2	0	1	67
ATG7	9	0.005397441777611876	0.1388888888888889	1
NSUN2	2	0.0011525610765410906	0	60
PSMD12	12	0.002718968878026785	0.3939393939393939	1
GLE1	10	0.0023060300865684774	0.4666666666666667	10
PEX7	11	0.0011526307429504561	0.8	13
ALDH3A2	21	0.019797355452922716	0.2761904761904762	4
HNRNPA1	11	2.4252452697516447e-4	0.7090909090909091	2
DYNC1H1	10	0.0020870768669153167	0.4666666666666667	5
UBTF	5	6.664553320289292e-4	0.3	2
PEX14	17	3.529286399248811e-4	0.7573529411764706	13
SPTSSA	2	0	1	78
GLS	5	6.859851184121948e-4	0.6	8
MPI	4	7.11347086973469e-4	0.5	23
GON7	4	0	1	49
PFN1	4	0.0016221686337837965	0.16666666666666666	1
DDB1	10	0.0014746224725774425	0.4444444444444444	2
MSL3	4	5.222024711080702e-4	0.3333333333333333	2
P4HB	2	6.149912924080552e-4	0	12
LEMD3	5	0.009356789868354979	0.4	1
GMPPB	2	0	1	23
DPM2	16	0.019968677808575714	0.24166666666666667	11
SPRED2	5	1.480151789880363e-4	0.7	1
ACTB	28	0.021139516952716965	0.14814814814814814	2
EIF4A2	7	3.3574704125431155e-4	0.4285714285714286	34
SLC25A4	6	0	1	3
TRMU	2	0	1	95
AMFR	4	1.9926214280719548e-4	0.3333333333333333	2
UBE4B	2	0.0023035894920761424	0	73
UBQLN2	6	9.905697943082981e-4	0.26666666666666666	15
HTT	17	0.016550189980509025	0.10294117647058823	1
NF1	19	0.006951241899515694	0.26900584795321636	2
EFEMP2	1	0	0	53
FBLN1	1	0	0	53
FBLN5	2	0	1	53
BICD2	8	7.624309835903786e-4	0.6428571428571429	5
OCLN	3	0	1	1
SPTBN1	8	0.00563185308221645	0.32142857142857145	1
SCN1A	2	6.386087525161185e-7	0	43
INPPL1	6	4.3979565969071296e-4	0.33333333333333337	1
GEMIN4	11	5.4808857526223066e-5	0.6909090909090909	10
USP7	5	0.0035094892808518376	0.2	2
STAC3	2	0	1	5
CACNA2D1	6	8.368571727910412e-5	0.33333333333333337	5
DNA2	10	5.845375973626118e-4	0.5777777777777778	2
RAC1	61	0.03509581459695284	0.14098360655737704	1
RYR1	6	0.0014423261844670953	0.26666666666666666	5
AFG3L2	5	9.868249464934531e-4	0.2	3
MGAT2	1	0	0	121
NONO	4	0.0011040193742278786	0.16666666666666666	2
HNRNPH1	10	8.11039064743354e-5	0.7777777777777778	2
HBA1	4	6.036667182264063e-4	0.5	18
DGUOK	3	0.0017597868896231628	0	9
KPTN	5	0.003934929851948716	0.7	26
NDUFAF3	13	7.738442417795688e-5	0.782051282051282	3
MT-ATP6	13	4.673912410940564e-5	0.5256410256410257	3
NDUFA4	37	0.0030737495936455595	0.8468468468468469	3
MT-ND6	34	2.73181859740209e-4	0.8110516934046346	3
NSMCE3	5	0	1	35
POGZ	1	0	0	156
MAPK8IP3	2	0.0011525610765410906	0	111
RAB3GAP2	12	0.0042077035272507285	0.3181818181818182	5
MT-ND1	38	3.622799143412764e-4	0.8165007112375533	3
PAK3	21	0.005410560342337796	0.5047619047619047	1
MT-ND5	35	2.0635388272261535e-4	0.8873949579831932	3
MT-ND4	36	2.1292025424815965e-4	0.861904761904762	3
COL6A2	4	2.420575070316158e-4	0.5	12
MT-ND2	36	2.1292025424815965e-4	0.861904761904762	3
OFD1	3	0.0011525610765410908	0.3333333333333333	102
MT-ND3	34	2.0188702948538789e-4	0.8930481283422459	3
TSEN54	4	0	1	55
GPT2	3	1.7704661769035877e-5	0.6666666666666666	8
MTRR	5	1.0762741294301408e-4	0.5	44
SHMT2	11	0.007983109335832949	0.21818181818181817	4
POMGNT2	7	8.459838964434861e-4	0.5714285714285714	31
GFER	4	0	1	24
FAR1	1	0	0	4
COG4	10	0.003037382892548185	0.6222222222222222	19
DMD	18	0.008767578847228659	0.5032679738562091	1
BOLA3	5	2.886961056111359e-5	0.9	16
COQ7	5	0	1	33
ERBB4	17	0.005717470316091794	0.19852941176470587	1
VCP	18	0.013163791447095872	0.1045751633986928	2
COPB2	4	0.00642488641249412	0.16666666666666666	1
IARS2	16	1.1555157703611902e-4	0.5416666666666666	6
GUCY2D	3	0.0011525610765410906	0.3333333333333333	75
HADHB	18	0.004604175127838537	0.27450980392156865	4
SYNE2	5	0.0036505551532114737	0.6	1
CKAP2L	1	0	0	14
KIF15	4	0	1	14
KIF14	3	2.2191470840240655e-5	0.6666666666666666	14
NUP214	19	0.003145886487102304	0.5087719298245613	10
HCFC1	13	7.950293934963871e-4	0.32051282051282054	2
AUTS2	1	0	0	2
NHLRC1	2	0.0031030922393117753	0	16
MATR3	12	6.264922466943698e-4	0.5606060606060607	2
PEX2	17	3.529286399248811e-4	0.7573529411764706	13
NPHP1	5	0	1	17
UBA5	5	0.0034534684118566654	0.3	67
MED11	7	0	1	27
MED25	5	0	1	27
PEX3	15	0.003346481056498155	0.7523809523809524	13
NAXD	1	0	0	153
CASP2	4	0.00112650211468389	0.16666666666666666	1
LBR	7	0.0027538152238625008	0.19047619047619047	37
SYNE1	5	3.387258754564644e-4	0.6	1
SAMHD1	1	0	0	120
DHDDS	2	0	1	33
TFG	2	7.93485164939499e-5	0	28
MCCC2	7	1.2139526186666746e-4	0.4285714285714286	4
HIBCH	6	0.004015941743828322	0.26666666666666666	22
CHD5	1	0	0	2
CHD4	12	9.557392950446647e-4	0.42424242424242425	2
ACAT2	12	0.0012863039790673447	0.4696969696969697	4
ECHS1	16	0.003553118782910464	0.23333333333333334	4
MED23	9	7.225401885610942e-7	0.8611111111111112	27
SRRM2	7	4.6713869711676733e-4	0.7142857142857143	40
NUS1	2	0	1	33
EPRS1	33	0.01687152142665987	0.3143939393939394	6
ASCC1	2	0	1	97
ARNT2	1	0	0	154
NDUFS2	50	0.002902414024195977	0.5918367346938775	3
PEX19	13	2.037625620541469e-5	0.8974358974358975	13
PPM1B	4	0.0038155898016157264	0.5	70
TGFBR2	11	0.0011521489862815033	0.34545454545454546	1
MRAS	3	0	1	1
PPP1R15B	5	0	1	1
DENND5A	2	0.0011525610765410906	0	110
RASA2	4	1.648734168490276e-5	0.5	1
ZDHHC9	5	0.0023035894920761424	0.4	78
PIK3CG	13	1.4550837864977755e-4	0.5384615384615384	1
FGF17	7	6.538837126222549e-4	0.7142857142857143	1
SHOC2	13	3.504289307761064e-4	0.4743589743589744	1
DARS2	3	3.0653220120773686e-7	0.6666666666666666	6
SHQ1	1	0	0	2
PUS7	3	0.0034546179076111946	0	60
MTOR	21	0.031228370489021974	0.09047619047619047	1
ADGRL1	1	0	0	151
AP4M1	7	0.0026054466678171653	0.7142857142857143	15
ATP6V0A2	6	2.519570535414949e-4	0.8	26
HACD1	1	0	0	152
TMEM43	1	0	0	1
LMNA	12	0.005793419949788052	0.21212121212121213	1
EIF2AK3	3	9.125658837308426e-4	0	18
HLA-DRB1	8	3.7236222935054214e-4	0.5357142857142857	1
IFT172	8	0.005369015107429304	0.5714285714285714	48
PTCH1	7	5.932558037002027e-4	0.38095238095238093	1
NR4A2	1	0	0	155
BMP1	8	0.0037114285208784785	0.2857142857142857	12
ACADSB	11	1.6021019167994705e-4	0.41818181818181815	4
PNP	6	6.679472848366093e-4	0.13333333333333333	9
DHCR7	5	0.002367785860359417	0.5	37
MTMR14	2	0	1	65
FXR1	7	4.780289415817348e-4	0.2380952380952381	2
HS6ST1	5	1.4814505163140157e-4	0.4	20
MMAA	5	7.162237227738389e-4	0.6	44
ABCD4	1	0	0	44
ADAR	2	0.0011525610765410906	0	120
PI4KA	2	0	1	1
GPAA1	6	4.006928722270109e-4	0.8	46
XYLT1	5	1.4814505163140157e-4	0.4	20
NDST1	4	1.4814505163140157e-4	0	20
B3GAT3	7	0.0013007061281724726	0.4285714285714286	20
HS2ST1	5	1.4814505163140157e-4	0.4	20
ETFB	4	1.9552401762500641e-4	0.3333333333333333	4
EXOSC3	6	5.758973730190356e-4	0.7333333333333333	47
AP4B1	11	0.001095495046282235	0.4545454545454546	15
UGP2	6	0.0011604742228166379	0.4	36
ALG12	4	0	1	57
POLR3GL	6	5.747478772645066e-7	0.8	32
IMPDH1	9	7.735049068950515e-5	0.7777777777777778	9
PYCR2	3	0	1	69
ARHGEF2	4	5.3712255387548704e-5	0.3333333333333333	1
CLCNKA	1	0	0	92
CDC40	7	0.0010197117910292974	0.5238095238095238	40
SLC25A20	4	7.681791029057133e-5	0.3333333333333333	4
NRAS	53	0.00811390392232288	0.18795355587808416	1
MPDU1	1	0	0	11
GMPPA	4	0.0022340973903024596	0.3333333333333333	23
PDE6D	3	0.0011525610765410906	0.3333333333333333	124
SPG7	2	0	1	3
PAM16	4	0	1	3
MRPS28	6	0	1	22
MRPL12	9	0.002861036657753394	0.5	22
ASPM	11	0.0021872839276382743	0.2727272727272727	14
PI4K2A	2	0	1	1
OCRL	6	0.002061395027845259	0.06666666666666667	15
INPP5E	3	0.0022276045522485522	0.3333333333333333	7
GDF6	1	0	0	39
MAP3K7	14	0.007609864751649563	0.12087912087912088	39
LAGE3	4	0	1	49
FKRP	4	2.0722870549141623e-5	0.6666666666666666	31
DPM1	11	0.010345186368483066	0.2363636363636364	11
POMGNT1	7	0.005468709240222594	0.4761904761904762	31
NFIA	4	0	1	32
POLR3A	8	0.0017612521075083068	0.5357142857142857	32
RPIA	2	0	1	23
TUBB4B	6	6.971663058220148e-4	0.4	7
PANK2	2	0	1	96
ACTA1	25	0.008454987498846208	0.3333333333333333	1
RBMX	8	0.002304054276559593	0.7142857142857143	2
TOMM7	10	0.0017126455255515344	0.5111111111111111	3
COA6	9	0.00331406563072594	0.25	24
GABRA5	4	2.4552142368283676e-4	0.8333333333333334	38
DLL1	6	5.210009727569769e-4	0.4	2
L1CAM	2	0	1	1
MRPS2	9	5.748541062706746e-4	0.7222222222222222	22
GTF2E2	10	2.406419048920682e-5	0.8888888888888888	2
CSF1R	4	0.001857945490684336	0.16666666666666666	3
KMT2E	3	0	1	2
DHX9	10	0.007509492735735776	0.2888888888888889	2
FMR1	5	4.795156137760943e-4	0.3	2
PTEN	32	0.027054140683979506	0.09475806451612903	1
TRRAP	13	0.0023350581368955484	0.12820512820512822	2
WARS1	6	0.0039655256309397546	0.4666666666666667	6
TARS2	6	5.473789307281015e-8	0.9333333333333333	6
RARS2	15	8.976704516534511e-4	0.5809523809523809	6
PARS2	13	1.1095618216522001e-4	0.6282051282051282	6
SMC3	14	0.003282442827656326	0.32967032967032966	35
NDUFA1	35	4.978472226986197e-5	0.9025210084033614	3
CDK19	9	9.002194361586486e-5	0.8611111111111112	27
SLC5A7	1	0	0	5
CHAT	4	0.009713178508874149	0	52
PIGN	3	0.00830146158277361	0.3333333333333333	11
GRIN1	12	2.366552641355495e-4	0.6060606060606061	1
CHRNB1	3	0	1	1
GNPAT	11	0.001544585289034747	0.6909090909090909	4
MAF	2	1.957535852681409e-5	0	2
ZMIZ1	1	0	0	1
DCTN1	13	0.005878458639984868	0.25641025641025644	5
FLNA	11	0.00567455428090689	0.03636363636363636	1
GNAI3	15	0.0010091557876258498	0.4666666666666667	1
ATRX	6	7.31631581840073e-4	0.2	2
FGF13	2	1.1116473501194121e-4	0	1
PTS	4	0.002071925346788038	0.5	5
TPK1	2	5.458342676499896e-4	0	23
COL4A2	3	4.847020727045625e-4	0.3333333333333333	88
COL5A1	7	2.7982771996732324e-4	0.5238095238095238	12
HTRA2	1	0	0	25
FBXO7	1	0	0	25
OPA1	2	0	1	25
PRKN	15	0.005010700464514781	0.2761904761904762	1
ERCC6	4	6.731920786870713e-5	0.5	2
SCN3A	2	0	1	43
KCNQ2	4	0.0011517947460380712	0.3333333333333333	43
FH	14	0.0030655048751849537	0.39560439560439564	3
NDUFA8	45	0.005043963025405853	0.7252525252525253	3
SDHB	31	0.008878421474041834	0.5376344086021505	3
YARS1	31	0.0023353954304970136	0.3741935483870968	6
IARS1	23	3.994661202701426e-4	0.4980237154150198	6
BSND	2	7.663305030193422e-7	0	92
RNF2	22	0.0051521148738334485	0.2597402597402597	2
HMGCL	13	0.001161792760095189	0.5641025641025641	4
RBPJ	14	0.0038006843313843214	0.25274725274725274	2
ALPL	5	0.0017783648348814044	0.2	88
IBA57	7	5.6717684516349344e-5	0.6190476190476191	16
NFS1	7	6.301457513516942e-5	0.5714285714285714	16
VPS35L	1	0	0	148
HNRNPH2	6	0	1	2
DBT	15	0.006867415987740713	0.3904761904761905	4
RNF113A	6	3.792709602566204e-6	0.9333333333333333	40
PHGDH	2	0	1	83
MTR	11	0.008598923189810249	0.21818181818181817	4
GRM1	5	0.0015958130682135203	0.2	63
EDN3	1	0	0	1
CP	2	0.0011525610765410906	0	119
PMPCA	12	0.0068917381410673	0.21212121212121213	3
FTH1	1	0	0	147
B4GALNT1	3	0.001464472229765699	0	41
AMN	1	0	0	106
KCND3	1	0	0	42
KCNA4	2	1.278170547810149e-4	0	42
DEGS1	5	4.1834137996132393e-4	0.7	29
NDUFAF4	9	3.4096467660916905e-4	0.7222222222222222	3
TAF8	9	0	1	2
TSPOAP1	1	0	0	5
STXBP1	15	0.0024790596586592197	0.419047619047619	5
TDP1	2	0.0011525610765410904	0	74
GPC4	10	8.353002482910829e-6	0.15555555555555556	20
HSPG2	15	0.0037114089094402647	0.06666666666666667	20
TPM3	3	8.826936821088137e-4	0.3333333333333333	28
ATP6AP1	7	2.520847752919981e-4	0.8095238095238094	26
SLC6A1	1	0	0	146
PIGK	6	4.006928722270109e-4	0.8	46
PIGV	6	0.003431811740807059	0.4666666666666667	11
SDHD	11	2.4822231073767727e-4	0.4909090909090909	3
PINK1	14	0.006998456973661794	0.19780219780219782	25
EYA1	4	1.67706299362089e-4	0.5	2
RTEL1	7	2.6494042419888107e-4	0.38095238095238093	2
BMPER	1	0	0	39
BMPR1A	7	0.0015192025504540585	0.5238095238095238	39
PGM1	8	0.01203740313871751	0.10714285714285714	36
REV3L	5	0	1	2
ENTPD1	13	0.008310191789275077	0.3717948717948718	9
MUSK	9	0.0017521605907687048	0.4166666666666667	1
EXT1	5	1.4814505163140157e-4	0.4	20
B3GALT6	6	1.4814505163140157e-4	0.6	20
DNM1	19	0.010336726095335414	0.17543859649122806	1
EDNRB	7	0.0011641076653755816	0.4761904761904762	1
DHX16	6	3.792709602566204e-6	0.9333333333333333	40
UFC1	2	0	1	67
EXOSC1	6	5.758973730190356e-4	0.7333333333333333	47
FUT8	2	0.0011525610765410906	0	121
GALT	5	0.001304140140045594	0.5	36
AHI1	13	1.6779816342092665e-5	0.7435897435897436	17
SUFU	12	0.011359478875844852	0.19696969696969696	1
PHKB	3	0	1	99
DNMT1	13	0.006462522906656617	0.20512820512820515	2
NUDT2	3	5.21620401699098e-4	0.6666666666666666	75
SLC6A19	1	0	0	104
TBCD	2	3.831652515096711e-7	0	7
SVBP	5	1.0409613376676712e-5	0.4	7
GATAD2B	9	0.0016933517685358305	0.5277777777777778	2
PRKD1	3	8.516282464196525e-4	0	5
COL11A1	4	2.795893123664767e-5	0.6666666666666666	12
VARS1	8	1.6075559373753397e-5	0.9642857142857143	6
POLR1C	8	0.0013862862276668544	0.5357142857142857	32
WBP4	5	0	1	40
PCBD1	4	6.873749249964836e-4	0.3333333333333333	5
TPO	5	0.0014812136720957492	0.3	5
DKC1	9	0.011127114137388198	0.1388888888888889	2
SARDH	3	0	1	4
FBXW7	2	1.7470447568182238e-4	0	2
MED12	10	0.0032917998266492714	0.6888888888888889	27
GBA2	5	1.951471558361053e-4	0.7	29
NMNAT1	2	0.0011525610765410906	0	73
MPV17	9	0	1	4
DAB1	9	7.60488495411237e-4	0.3333333333333333	1
ADAMTSL2	3	4.1507201320616794e-5	0.3333333333333333	12
CNTNAP2	4	8.221533285914783e-4	0	42
KCNAB2	4	0.0013611312949177836	0	42
PPM1D	1	0	0	2
RAD50	13	0.001961447871940501	0.3717948717948718	2
BRCA2	10	0.0012999335096756028	0.4222222222222222	2
OSTM1	1	0	0	150
SLC1A2	1	0	0	64
KCNJ10	1	0	0	64
HDAC8	5	0	1	35
KAT6B	2	0	1	2
CHD3	9	6.482881956935808e-4	0.5833333333333334	2
CLPB	1	0	0	3
LONP1	2	2.42635478108868e-5	0	3
TREM2	4	0.0014067265594044297	0.16666666666666666	3
PRNP	10	0.011761606068637302	0.2	1
UBR1	1	0	0	128
CARS1	14	0.002293779606806256	0.5824175824175823	6
TRAPPC11	6	0	1	30
CASK	11	0.0045738597132273726	0.2909090909090909	5
AGRN	25	0.011497796649615739	0.29333333333333333	1
EXOSC9	6	0.003707143791040481	0.6666666666666667	47
PRKCZ	16	0.002050067939326022	0.25833333333333336	1
OPTN	5	6.72449882595598e-4	0.4	1
XPA	17	0.0010471682974498894	0.39705882352941174	2
TAF2	11	2.798884399086372e-4	0.7818181818181819	2
ERCC2	14	3.1827324105262675e-4	0.5604395604395604	2
LINGO1	2	0.0011525610765410906	0	127
CLCF1	2	7.663305030193422e-7	0	89
CPT2	7	0.0014877969198147537	0.38095238095238093	4
COMT	3	3.947031153975754e-4	0.3333333333333333	5
TH	12	0.012591302820470586	0.19696969696969696	5
TMEM107	5	0	1	17
NOP56	6	0.0067450938122479475	0.13333333333333333	32
KLHL41	3	0	1	66
AR	25	0.016137954125481146	0.11333333333333334	1
ANKLE2	3	9.688809391487947e-5	0.3333333333333333	1
SET	3	2.517879654143524e-4	0.3333333333333333	1
PDHA1	9	7.480612462079412e-6	0.8055555555555556	4
DNAJC6	7	2.4987646140541272e-5	0.4285714285714286	15
FXN	8	0.00473641788083513	0.2857142857142857	16
SUCLA2	12	5.734243334889174e-4	0.5	3
DCPS	1	0	0	50
ETHE1	1	0	0	50
MOCS1	4	0.003455774842791498	0.16666666666666666	38
VPS37D	6	4.670526245679661e-4	0.8	7
GARS1	20	0.00809542327829523	0.5157894736842106	6
LARS1	22	2.808921014260849e-4	0.5714285714285714	6
ALG14	3	7.663305030193421e-7	0.6666666666666666	11
TOPORS	2	0	1	2
AGO1	22	0.007739775574741531	0.19480519480519481	2
SKI	2	0	1	2
ARID2	8	7.3730420921990995e-6	0.8214285714285714	2
BAZ1B	7	0	1	2
ARID1B	10	3.2351423725284916e-7	0.9555555555555555	2
SEC24C	3	6.328094028324944e-4	0.6666666666666666	28
PTPA	14	0.0034840814577964635	0.34065934065934067	1
PPP3CA	11	0.0014450411237036426	0.3090909090909091	1
TIMM8A	7	0.001773728525808081	0.3333333333333333	24
PSAT1	2	0	1	83
GPC3	13	0.002093586630345771	0.10256410256410257	20
TRAK1	5	7.309812622699343e-5	0.3	1
EPB41L1	8	0.001958157985497081	0.35714285714285715	1
AGK	6	0.0035826225257367516	0.2	1
NDUFAF5	9	5.751063505221802e-5	0.6666666666666666	3
DLG3	12	0.0027519328758021707	0.30303030303030304	1
NANS	1	0	0	144
ALDH5A1	1	0	0	8
GAD1	6	0.0074306182186801946	0.2	8
SMARCD1	20	0.0017425409973795395	0.5157894736842106	2
SIN3A	22	0.017161451998946493	0.09956709956709957	2
PRX	2	0	1	45
PAX3	1	0	0	45
MAG	5	0.004604879992643227	0.1	84
BRPF1	5	1.4838986755103182e-5	0.7	2
VLDLR	6	4.6418992486852914e-4	0.5333333333333333	1
NDE1	1	0	0	1
DYNC1I2	8	6.785730366867201e-4	0.7142857142857143	5
CLTRN	2	0.0011525610765410906	0	104
PDX1	3	3.266687977032764e-5	0.6666666666666666	2
RAB27A	4	2.714135217097818e-4	0.3333333333333333	1
MKS1	14	0.008504543696537997	0.6153846153846154	17
ALG6	5	8.493496408464375e-6	0.6	57
THOC2	2	1.6581222590882324e-4	0	10
TPR	17	0.002654214594175554	0.47794117647058826	10
NSDHL	6	2.524894692160708e-4	0.4	37
DHCR24	6	0.006870824337623586	0.33333333333333337	37
CDK8	13	0.0025156111334631854	0.44871794871794873	27
STAMBP	1	0	0	79
ASCL1	1	0	0	2
CAMK2B	21	0.004680663344158283	0.22380952380952382	1
GRIN2A	11	3.590438253365577e-4	0.41818181818181815	1
YME1L1	3	2.4270674620120766e-5	0.3333333333333333	3
MT-ATP8	13	4.673912410940564e-5	0.5256410256410257	3
HSPD1	15	0.01684966238560652	0.2095238095238095	3
SUCLG1	20	0.003702655056454337	0.41578947368421054	3
PCCA	13	0.0035174357274928877	0.3461538461538462	4
PC	8	0.005023601390648731	0.17857142857142858	3
EXOC8	4	6.456579779918575e-5	0.8333333333333334	1
INS	31	0.023996817659440058	0.16129032258064516	1
RPGRIP1L	8	0.0038597119231590306	0.39285714285714285	17
SPEN	5	2.4535132437562888e-5	0.9	2
KDM6A	10	2.1021298415099815e-4	0.4444444444444444	2
SNAI2	6	1.7331238541803414e-4	0.4	2
ARHGEF9	2	7.501368771290552e-4	0	38
DOCK11	1	0	0	1
EDN1	20	0.009252867510900755	0.3105263157894737	1
LAMA1	20	0.005648279777572747	0.4789473684210526	1
WASF1	6	1.5297451602557907e-4	0.4666666666666667	1
PAFAH1B1	13	0.003852866219710977	0.12820512820512822	1
JAM3	3	0	1	1
LMBRD1	5	0.0011534551287946133	0.4	44
ZNF462	1	0	0	118
ARG1	3	0.0011187750175760203	0.3333333333333333	8
PCYT1A	2	2.5544350100644736e-7	0	52
STIL	5	8.711331205661165e-4	0.3	14
ALDH18A1	4	0.003453085246605156	0.5	69
MLC1	1	0	0	1
HMBS	1	0	0	142
CAMKMT	4	5.153650189274502e-4	0.5	70
DOLK	4	0.002303589492076143	0.5	11
ALG13	3	7.663305030193421e-7	0.6666666666666666	11
CA8	2	0.0011525610765410906	0	116
AASS	1	0	0	8
ABAT	7	0.002935527512095642	0.2857142857142857	8
EPM2A	2	0.0021945489465041985	0	16
ISCA1	6	8.346474274301503e-5	0.6	16
RET	6	1.873445641749646e-5	0.8666666666666666	1
CDC42	41	0.023894369249060445	0.1573170731707317	1
KLHL40	3	0.002304355822579162	0	87
MMACHC	4	5.460671310453406e-4	0.6666666666666666	44
UQCRQ	39	0.0014778926624755399	0.6936572199730094	3
ALDH7A1	6	0.0013266866087564377	0.2	8
ASXL1	8	7.141154770173189e-6	0.8214285714285714	2
TCTN1	10	0	1	17
SOX10	8	0.009232167107125332	0.21428571428571427	45
IDH2	6	0.0029119052176847116	0.4666666666666667	3
AMACR	9	0	1	4
CDON	5	6.701716372090001e-4	0.5	1
SPOP	7	0.004100573832167689	0.19047619047619047	66
KIF7	2	0	1	1
NALCN	1	0	0	143
PRPS1	2	0	1	23
ALDOA	5	0.0030905939059158163	0.3	23
PEX11B	13	1.5509028125385236e-4	0.8717948717948718	13
NDUFA11	35	8.01333429496733e-6	0.9596638655462184	3
GABRB2	3	3.322655647576816e-4	0.3333333333333333	54
GABRB3	3	3.831652515096711e-7	0.6666666666666666	54
FLRT3	1	0	0	1
SOS1	32	0.006009881408770608	0.2903225806451613	1
WDR19	6	0	1	48
BMP2	7	0.0015192025504540544	0.5238095238095238	39
RIN2	2	5.679877691654717e-4	0	30
ALS2	1	0	0	30
RAB11B	1	0	0	30
TRAPPC9	6	0	1	30
FZR1	2	0	1	14
EIF2B2	3	0	1	100
MANBA	1	0	0	93
SLC2A3	1	0	0	2
CDKL5	2	0	1	2
CAMK2A	24	0.0058940511398922115	0.21739130434782608	1
ADNP	1	0	0	2
BICRA	9	4.583860713799886e-6	0.8055555555555556	2
SCN2A	5	0.003451041698597105	0.3	43
SCN4A	3	6.386087525161185e-7	0.6666666666666666	43
SLC12A5	2	0	1	1
TSEN15	4	0	1	55
COG2	7	0	1	19
KDM1A	28	0.008038271639973475	0.22486772486772486	2
EIF5A	2	0	1	98
KIF5C	8	0.0023540502717461225	0.17857142857142858	1
SSR4	2	0	1	58
STT3A	2	0	1	58
TBP	22	0.010756007338041346	0.27705627705627706	2
CHD8	11	8.510648537995374e-4	0.4727272727272728	2
LAMB2	16	0.0019070567679973028	0.6916666666666667	1
EXOSC8	5	0	1	47
HLCS	7	0.001393049938092688	0.19047619047619047	4
TBR1	2	0.0011525610765410906	0	114
VPS50	2	0	1	19
COG6	11	0.0030632833208851682	0.5454545454545454	19
MECP2	25	0.015311774701877298	0.10666666666666667	2
KMT2B	5	3.250137921681807e-5	0.4	2
GTPBP3	2	0	1	95
GFPT1	5	0.0015874721728926075	0.4	8
TMEM67	14	0.003024757892590886	0.6373626373626374	17
DBH	3	7.305773330088741e-5	0.6666666666666666	5
SIX3	1	0	0	2
SMARCA4	38	0.020572967238433666	0.20056899004267426	2
ARL13B	8	0.0022108933323880375	0.25	7
IFT27	6	0	1	48
ACADM	6	0.003273206589192764	0.13333333333333333	4
TCF4	4	0.001162840680192201	0.16666666666666666	2
IFT74	7	9.392644142330101e-4	0.7142857142857143	48
POLA1	8	0.0015878590066412737	0.5357142857142857	2
PHF21A	11	0	1	2
AQP4	5	0.002452011400408457	0	64
TAF6	16	4.905273414335951e-4	0.5416666666666666	2
PLAAT3	3	0.002304355822579162	0	61
SPRY4	2	4.268330925743017e-6	0	1
SPTAN1	9	1.919044709545967e-4	0.5833333333333334	1
PIK3CD	8	4.488378453355768e-4	0.25	1
FGFR1	14	0.0044159171016546145	0.32967032967032966	1
SYNGAP1	5	0.0011525610765410906	0.6	1
TKT	8	0.004092462800250383	0.17857142857142858	23
HK1	6	0.004878175960260883	0.2	23
KLC2	2	0	1	1
HRAS	74	0.03173618552783462	0.12624953720844131	1
MINPP1	4	2.3696253511068544e-5	0	1
ATP5F1A	34	0.013746735213754333	0.249554367201426	3
GABRA1	8	0.005154546351721282	0.2857142857142857	54
GALNT2	3	0	1	5
GDI1	14	0.012002369756644246	0.1758241758241758	30
TOMM40	13	0.01342440954957836	0.3076923076923077	3
RIT1	3	2.058329342283796e-6	0.3333333333333333	1
CPE	2	6.511052272742618e-6	0	1
GDNF	7	1.9924109055047288e-5	0.8571428571428572	1
PBX1	5	5.029061708527043e-4	0.3	2
ELP1	1	0	0	140
UGT1A1	1	0	0	141
EIF2B4	3	0	1	100
ATP7A	1	0	0	34
CNOT3	4	0	1	34
DDX3X	2	2.6401876251369225e-4	0	34
PARN	2	0	1	34
FDX2	5	0.0011525610765410906	0.6	16
ASXL3	1	0	0	2
ASXL2	2	0.0011525610765410906	0	118
UBAP2L	7	0	1	2
CERT1	2	1.5154988833855244e-5	0	5
RAB3GAP1	9	7.081087955298734e-4	0.5	5
MED13	10	9.101817326979e-5	0.7777777777777778	27
NAA60	1	0	0	160
GLRB	1	0	0	38
MOCS2	2	0	1	38
GLRA1	1	0	0	38
PRKAR1B	6	0.0012531018314735013	0.26666666666666666	1
EIF4G1	12	0.009212486244299494	0.15151515151515152	34
MRPS16	12	0.005004662039084225	0.4696969696969697	22
CACNA1A	5	0.0011200726975774996	0.2	1
CACNA1E	2	2.5544350100644736e-7	0	5
HADHA	17	0.003955615974819313	0.27941176470588236	4
MICOS13	2	5.571882261643883e-5	0	76
CHCHD2	4	0	1	24
PPP1CB	10	0.0011904406677499166	0.4444444444444444	1
INTS1	4	6.670965737567265e-4	0.5	2
PPP2R5D	25	0.0198296762620595	0.21666666666666667	1
ATP13A2	2	0	1	1
TMEM126B	5	1.1741617983321865e-6	0.9	3
NDUFS1	43	0.002422075433541102	0.7264673311184939	3
PARK7	22	0.047611891608238616	0.15151515151515152	1
MRPS22	9	2.3023559629501496e-4	0.7222222222222222	22
IFT140	6	0	1	48
NFU1	10	0.001831825061961749	0.4666666666666667	16
PIGA	7	0.0032267187685762304	0.7142857142857143	11
GABBR1	3	8.519261673440475e-4	0.3333333333333333	63
GFM1	8	3.045750272877996e-4	0.6428571428571429	22
IDH1	13	0.004869570029087134	0.5256410256410257	4
PEX5	17	0.01019811568940688	0.5441176470588235	13
CHMP1A	4	0.0011529442417926004	0.3333333333333333	79
GPHN	12	0.0155315129333884	0.0606060606060606	38
FLCN	4	0	1	26
TIMMDC1	22	1.7585922638792338e-4	0.6190476190476191	3
NDUFA6	43	0.004521657991556315	0.770764119601329	3
LRAT	3	2.2989915090580264e-6	0	68
KCNMA1	4	0.0020384187256750363	0	51
BUD23	2	0	1	18
RPL10	2	0	1	18
ITPA	12	0.002148783852819296	0.45454545454545453	9
RFT1	1	0	0	80
ALG3	8	0.005514906286197672	0.32142857142857145	57
ALG2	2	0	1	80
RPS20	11	0.003085849545653952	0.21818181818181817	18
PIGP	6	0	1	11
BBS10	14	0.007038285396015726	0.6043956043956044	21
NCAPG2	3	5.153674465785956e-5	0.6666666666666666	14
ANG	1	0	0	138
FA2H	1	0	0	122
ASAH1	6	0.002078981575081159	0.6	29
TSEN34	4	0	1	55
KAT6A	9	0.001447771546287809	0.5	2
TNRC6B	17	0.0027172422564963024	0.27941176470588236	2
TAF1	17	0.0013730440524735163	0.5	2
BBIP1	11	7.291854163577786e-5	0.9818181818181818	21
ATL1	2	0	1	7
CRX	1	0	0	101
KDELR2	2	0	1	1
ARFGEF1	2	4.290194251331414e-5	0	1
ARFGEF2	2	4.290194251331414e-5	0	1
AP1G1	7	3.995028998333009e-4	0.5714285714285714	15
CC2D2A	13	1.6779816342092665e-5	0.7435897435897436	17
TRMT10C	2	0	1	4
CLP1	8	0.004738092357185414	0.32142857142857145	55
AP3D1	2	3.831652515096711e-6	0	125
TARS1	12	8.829966518190948e-5	0.8333333333333333	6
CHKB	3	0.0034458051068264723	0	52
TWNK	2	0	1	2
POLD1	23	0.00246240883507454	0.3873517786561265	2
B3GALNT2	3	0	1	31
POMT1	9	0.015742594846544018	0.4444444444444444	31
NRXN1	3	0.0013307779794928978	0.3333333333333333	5
SGCE	2	0	1	1
LAMA2	16	0.0019070567679973028	0.6916666666666667	1
MYH7	4	2.028095011833527e-4	0.5	1
TPM2	4	0.002921453416605457	0.16666666666666666	28
CAPN1	7	8.05715943751645e-4	0.4761904761904762	1
COX11	3	4.781535577384884e-4	0.3333333333333333	24
SURF1	4	8.449883722592807e-4	0.5	24
DIAPH1	3	2.9962330147236923e-5	0.3333333333333333	1
PPP2CA	32	0.016813957343223787	0.2439516129032258	1
INTS8	2	0	1	2
DNAJC19	4	0	1	3
MMADHC	7	0.0014059811868339786	0.4761904761904762	44
TUBGCP4	3	0	1	71
PSEN2	5	2.118693428925029e-4	0.2	2
RARB	4	1.0779168275609821e-4	0.5	2
IQCB1	2	0.0011525610765410906	0	107
TMEM216	12	4.7891978716692596e-5	0.8333333333333333	17
DHFR	9	0.008541373450162386	0.2777777777777778	4
DDC	7	7.749246900396273e-4	0.3333333333333333	5
MFF	1	0	0	25
PCCB	13	0.0035174357274928864	0.3461538461538462	4
NPC1	1	0	0	137
HNRNPK	14	0.0052613320984689705	0.46153846153846156	2
VPS33B	4	1.5326610060386844e-6	0.6666666666666666	56
GM2A	3	0.0010531116884849125	0.3333333333333333	41
ETFDH	3	2.664807664819006e-5	0.3333333333333333	4
RFXANK	3	0.002304355822579162	0	86
ARHGAP31	1	0	0	105
PHKA2	3	0	1	99
MAN2B1	2	7.663305030193422e-7	0	93
PPCS	2	0	1	96
TEFM	1	0	0	113
TNNC2	4	3.39029407263891e-4	0.5	28
ACTN2	18	0.006956350539273589	0.2418300653594771	1
FLAD1	1	0	0	135
HNRNPC	21	0.005418013923322756	0.29047619047619044	2
SEPSECS	1	0	0	6
DUOXA2	1	0	0	136
RELN	10	0.0012052154537357308	0.3111111111111111	1
BDNF	22	0.005710703099199157	0.2987012987012987	1
ACSL4	3	0.002304355822579162	0	85
KIF21A	1	0	0	134
ATXN2	5	4.5463519526205186e-4	0.2	2
KCNQ5	3	0	1	15
DNM2	8	0.0013856153750480336	0.25	1
SYNJ1	8	0.001172548339978479	0.32142857142857145	1
SCAF4	2	0	1	2
NELFA	1	0	0	2
SETD2	5	7.1313506267021e-4	0.2	2
INTS11	4	6.670965737567265e-4	0.5	2
GTF2H5	11	8.291779314744641e-5	0.7636363636363637	2
ARF1	12	0.01294654893820953	0.07575757575757576	1
STIM1	3	2.609503238866772e-4	0.3333333333333333	51
TUBA8	3	8.490652465704124e-5	0.6666666666666666	7
TUBB2A	7	0.0017963998884378103	0.4285714285714286	7
REEP1	2	0	1	7
PYCR1	3	0	1	69
ORAI1	3	3.546532711291066e-4	0.3333333333333333	51
CACNA2D2	12	0.0014805403283664716	0.42424242424242425	1
PLCB3	4	3.457069312840718e-6	0.8333333333333334	1
KCNJ6	1	0	0	1
ANAPC7	4	8.650684574535482e-4	0.3333333333333333	14
BAP1	10	0.0034617590623813666	0.5111111111111111	2
KIF5A	7	0.0012697065665052592	0.2380952380952381	1
GRIA3	10	3.7108151728908764e-4	0.3333333333333333	1
ARL6	8	0	1	21
BBS12	10	0	1	21
ALDH6A1	14	0.00878622446964006	0.3076923076923077	4
ACSF3	7	0.0023788690724380096	0.19047619047619047	4
B4GALT1	8	0.011303473420826628	0.10714285714285714	2
SQSTM1	9	0.0015545962109048343	0.25	1
ITCH	6	8.030210449586374e-4	0.2	1
MYPN	1	0	0	28
TTN	9	0.00412286201232487	0.2222222222222222	1
MPZ	4	4.926792147945555e-4	0.6666666666666666	45
WASHC5	1	0	0	133
PDE2A	2	0	1	9
PDE4D	2	0	1	9
AMPD1	8	6.501716119214639e-5	0.6785714285714286	9
PDE10A	2	0	1	9
ERF	1	0	0	1
COLGALT1	1	0	0	112
HERC2	1	0	0	2
TTC19	1	0	0	77
VAC14	1	0	0	65
LNPK	1	0	0	76
TRMT10A	1	0	0	139
DUSP6	1	0	0	1
HPD	1	0	0	3
PROK2	1	0	0	131
CAMLG	1	0	0	149
PGAP3	1	0	0	145
LGI3	1	0	0	91
H1-4	6	6.897431217612658e-4	0.5333333333333333	2
CYP7B1	1	0	0	126
LTBP4	1	0	0	1
LGI4	1	0	0	91
CTC1	2	7.581455470138806e-6	0	2
PACS1	1	0	0	25
SH2B1	1	0	0	1
CYP11B2	1	0	0	129
DSE	1	0	0	90
NDN	2	1.933273006757377e-5	0	2
USP45	1	0	0	2
ARSI	1	0	0	132
CYP2R1	2	0	1	94
STRADA	1	0	0	1
RNASEH2B	2	0	1	82
DLK1	1	0	0	2
HUWE1	1	0	0	4
WNT7B	1	0	0	1
JARID2	3	0	1	2
POU1F1	2	1.5326610060386844e-6	0	59
PPA2	1	0	0	2
KCNJ11	2	0.0011525610765410906	0	72
TOR1A	1	0	0	1
GPX4	2	0.0011525610765410906	0	117
KIAA0586	1	0	0	158
SCN8A	3	0	1	1
WLS	1	0	0	25
NKX2-1	1	0	0	159
LARGE1	1	0	0	123
MMP23B	1	0	0	103
MYO9A	1	0	0	157
SON	1	0	0	10
SIAH1	4	3.4123440722257407e-4	0.3333333333333333	1
ELN	5	0.002603545551362296	0.1	53
NAE1	1	0	0	1
PLAGL1	1	0	0	2
ZNF148	1	0	0	2
CYB5R3	2	6.233846540584612e-4	0	18
MACF1	1	0	0	1
CHAMP1	1	0	0	156
COL6A1	4	2.4170627221773192e-4	0.6666666666666666	12
CACNA1S	5	3.8460546601634004e-4	0.6	5
KIAA0753	1	0	0	102
COQ8A	5	0	1	33
RD3	1	0	0	75
SYT2	2	0	1	5
GORAB	1	0	0	130
NAXE	1	0	0	153
SEMA4A	1	0	0	2
EFL1	5	1.6813553601556835e-5	0.6	1
BUB3	2	0	1	14
PDSS2	6	0.0023035894920761424	0.4666666666666667	33
SV2A	1	0	0	5
ASCC3	2	0	1	97
SIM1	1	0	0	154
RAB39B	1	0	0	110
SLC35A1	1	0	0	151
ELOVL4	1	0	0	152
EMD	13	0.018023179892502007	0.24358974358974358	1
PITX3	1	0	0	155
DPYD	2	6.249496579121389e-4	0	8
MTM1	2	0	1	65
CACNA1B	2	2.6776754125663384e-5	0	5
KCNB1	1	0	0	5
MUTYH	2	0	1	2
TP53RK	5	0.005747478772645066	0.6	49
YRDC	1	0	0	49
TTI1	4	3.2227604726450847e-4	0.5	2
PPIL1	2	0	1	40
SLC18A3	4	0.002513429622728632	0.16666666666666666	5
COL5A2	6	0.0019638570832717596	0.6	12
HLA-DQB1	2	4.486285940166434e-5	0	5
PAX7	2	8.252790032515992e-7	0	2
NEU1	3	5.759596496716515e-4	0.3333333333333333	29
CLCNKB	1	0	0	92
AUH	3	1.0560483463036876e-5	0.3333333333333333	4
COL4A1	2	0	1	88
CSNK2B	6	4.456618971516105e-4	0.4	2
CCDC22	1	0	0	148
MTHFR	3	4.6295537702911e-5	0.6666666666666666	4
PUS1	1	0	0	60
FTL	1	0	0	147
FOXH1	3	5.317463448378127e-5	0.6666666666666666	2
ST3GAL5	3	2.611398306957139e-5	0.3333333333333333	41
CUBN	2	0.0011525610765410908	0	106
NDP	1	0	0	1
TDP2	1	0	0	74
ATP6AP2	7	2.520847752919981e-4	0.8095238095238094	26
BCOR	1	0	0	2
ITM2B	1	0	0	1
GABRD	1	0	0	146
PIGO	6	0.0036615706795636092	0.33333333333333337	46
SDHAF1	2	0	1	3
NRCAM	2	0	1	1
LYRM7	1	0	0	3
CNKSR2	1	0	0	1
RPS6KA3	1	0	0	1
UFM1	3	3.831652515096711e-7	0.6666666666666666	67
COL2A1	4	0.0017071875072200591	0.3333333333333333	12
SMN1	3	6.019289210846298e-4	0.3333333333333333	10
NFIB	4	0	1	32
CWC27	6	3.792709602566204e-6	0.9333333333333333	40
GLDC	6	0.001483124392003553	0.4	4
NADK2	1	0	0	73
SEMA5A	2	0	1	12
KCNA1	3	0.002469761291768543	0	42
CHEK2	9	0.0011608220665247856	0.4444444444444444	2
CLCN7	1	0	0	150
NSD2	3	3.610589068820972e-5	0.3333333333333333	2
STAG1	7	6.802202846325311e-6	0.8571428571428572	35
COLQ	2	2.150789464866604e-5	0	1
KCNQ3	2	0	1	43
TRIP12	2	0.0011525610765410906	0	128
RNF216	1	0	0	62
CRLF1	1	0	0	89
CPT1C	2	0	1	4
CIT	4	3.52314728281965e-4	0.3333333333333333	14
SLC33A1	1	0	0	41
LIPT1	13	0.0018812019913499447	0.5	4
SUOX	4	0.002625938379060968	0	50
FHL1	1	0	0	2
AIMP1	9	2.3202784674752303e-7	0.9444444444444444	6
PSAP	2	1.0404243418361504e-4	0	5
BCKDK	4	0	1	4
SEC31A	3	3.6621032666460124e-4	0.3333333333333333	28
PSPH	3	0.0023035894920761424	0.3333333333333333	83
EXT2	5	1.4814505163140157e-4	0.4	20
NDUFAF6	3	0	1	3
PDP1	5	0	1	4
VAMP1	3	1.3836522971182567e-6	0.6666666666666666	5
NAGA	2	0	1	41
USP8	2	1.2064658923055872e-5	0	1
GNE	1	0	0	144
PLAA	2	0	1	2
NFIX	4	0	1	32
MCM3AP	3	2.618068863447442e-4	0.3333333333333333	10
LSS	4	6.419636828328052e-5	0.8333333333333334	37
FGFRL1	1	0	0	1
MYO5A	6	7.333470862386146e-4	0.26666666666666666	1
JMJD1C	1	0	0	108
KDM5A	2	2.2769343787812978e-5	0	2
RPGRIP1	1	0	0	17
NEDD4L	4	4.37461166193377e-5	0.5	1
NBEA	1	0	0	1
JAM2	3	0	1	1
CUL4B	5	3.647222042728405e-5	0.8	2
LRRC32	1	0	0	1
ACY1	3	1.215163235973939e-4	0.3333333333333333	8
ADGRV1	1	0	0	84
CTNNA2	2	0	1	1
WDR62	2	0	1	14
FBXO11	1	0	0	2
KIF2A	1	0	0	7
CRPPA	1	0	0	31
SMS	1	0	0	8
FOXP2	2	6.072243497939997e-4	0	42
ALAD	1	0	0	142
SMPD4	2	0	1	29
PREPL	3	0	1	70
DPAGT1	5	0.0011477076500219683	0.4	11
WDR81	1	0	0	116
UBE4A	1	0	0	2
SLC25A12	1	0	0	24
KBTBD13	1	0	0	87
DCC	6	3.167151546518571e-5	0.6666666666666667	1
GLYCTK	2	1.267596974976216e-4	0	8
HERC1	1	0	0	45
GLI2	16	0.01491964520768284	0.16666666666666666	1
UNC80	1	0	0	143
IGF2	6	0.0022029507749130686	0.06666666666666667	1
CHD7	1	0	0	2
REPS1	2	0	1	15
AHSG	3	0	1	39
PPT1	1	0	0	4
EARS2	9	7.658569285512465e-5	0.5833333333333334	6
SCN1B	3	1.660382756541908e-6	0.3333333333333333	43
GRIK2	4	0.0018939284322082553	0.16666666666666666	1
DOHH	2	0	1	98
DDOST	4	1.5326610060386844e-6	0.5	58
SATB1	1	0	0	1
PNPT1	5	0	1	47
BTD	1	0	0	4
SATB2	1	0	0	114
VPS53	6	9.766817398724327e-4	0.6	19
MTO1	2	0	1	95
ZNF469	1	0	0	90
CPS1	5	5.303450207735786e-4	0.4	8
GAMT	1	0	0	2
PAX6	6	0.0021993729563598787	0.13333333333333333	2
TBL1XR1	10	0.0035368257583735813	0.17777777777777778	2
TRPV4	2	9.252571283983594e-4	0	64
PMS1	3	0	1	2
PNPLA6	1	0	0	61
FBP1	4	0.0010958330388204636	0.3333333333333333	23
TRIM32	1	0	0	2
GABRG2	3	1.7242436317935199e-6	0.6666666666666666	54
GBE1	2	0	1	36
ERLIN1	1	0	0	1
CSGALNACT1	1	0	0	20
NAT8L	4	0	1	8
HID1	1	0	0	2
CDKN1C	3	6.0366054512321114e-5	0.3333333333333333	1
BCS1L	10	5.911049844385164e-4	0.5111111111111111	3
INPP5K	2	1.2388170431943435e-4	0	1
MAMLD1	2	9.852820753105826e-7	0	2
LMOD3	1	0	0	87
ELP2	1	0	0	140
SLC35A2	1	0	0	141
GOLGA2	2	0	1	19
EIF2B1	3	0	1	100
SLC2A1	1	0	0	2
FDXR	1	0	0	16
EBP	3	6.419636828328052e-5	0.6666666666666666	37
VAPB	3	3.587029564922104e-4	0	5
ATPAF2	1	0	0	3
MED12L	5	0	1	27
NAA10	1	0	0	160
EHMT1	2	6.015087527406329e-5	0	2
IVD	8	2.2264884104052193e-4	0.42857142857142855	4
CHCHD10	6	0.0014809574729241744	0.4	24
MME	1	0	0	1
GCH1	4	8.066962435914563e-4	0.3333333333333333	5
IFT56	6	0	1	48
ADCY5	5	0	1	1
LYRM4	6	1.0834492534463042e-4	0.6	16
CASR	3	6.481155350475471e-4	0.3333333333333333	63
MRPS14	10	0.0010910559000400799	0.6222222222222222	22
HSD17B4	15	0.01721464501374225	0.4571428571428572	4
SNF8	5	9.470699009665911e-6	0.7	7
GABRA2	4	2.4552142368283676e-4	0.8333333333333334	38
FNIP1	4	0	1	26
NDUFA13	44	0.03171735802590349	0.6723044397463003	3
ADH1C	1	0	0	68
KCNN2	1	0	0	51
UNC13A	1	0	0	5
ALG11	4	0.001168878311867655	0.16666666666666666	80
PTDSS1	1	0	0	61
EIF3F	5	0.0051863141310864195	0.4	18
SPTBN2	6	2.951748834864716e-4	0.6	1
PIGY	6	0	1	11
KCNA2	3	2.4656928993481994e-4	0	42
MAGEL2	1	0	0	25
CRYAB	3	0	1	1
NCAPD3	3	0.0010885790142904808	0.3333333333333333	14
RNH1	1	0	0	138
PUF60	2	0.0010194010566829366	0	3
SERPINH1	3	0.0012170079376972577	0.3333333333333333	12
ACER3	3	0.0011525610765410906	0.3333333333333333	122
TRAPPC4	6	0	1	30
KMT2A	15	5.435582594799336e-4	0.38095238095238093	2
DPF2	9	0	1	2
HMGA2	4	4.633762057251255e-4	0.16666666666666666	2
BCORL1	1	0	0	2
MDH1	7	0.007462121055175815	0.2857142857142857	3
KIF1A	2	0	1	7
HHAT	1	0	0	1
ACADVL	5	4.894891726101804e-5	0.7	4
COA8	1	0	0	111
TBCE	2	3.1102508917086086e-05	0	7
ATXN7	3	0.0011540902975784523	0	101
MPDZ	1	0	0	1
DDX11	1	0	0	35
PRORP	4	4.373291078714186e-4	0.6666666666666666	4
AP3B2	1	0	0	125
VARS2	10	3.1468316534793262e-6	0.9555555555555555	6
CLTCL1	3	4.145616238041041e-5	0.3333333333333333	15
TSHR	1	0	0	59
DMXL2	2	2.894827928694847e-5	0	5
PCYT2	3	0.0046013037836291374	0	52
POLG2	7	0.004944215644770535	0.5238095238095238	2
DAG1	22	0.041275962787920104	0.367965367965368	1
APC2	1	0	0	1
SCO2	4	0.005766053155905237	0	24
CYFIP2	7	7.17959593234311e-4	0.2380952380952381	1
AP1S2	4	2.1024713606854225e-5	0.8333333333333334	15
LDHA	4	0.009290034943996444	0.16666666666666666	3
TIMM50	6	0.0014124983468034433	0.4666666666666667	3
MMAB	5	3.4143148085057047e-4	0.6	44
TUBGCP2	3	0	1	71
CNTN1	5	0.002041056191420293	0.2	1
VDR	14	0.003877799595432153	0.4175824175824176	2
CEP290	15	0.00410605410802154	0.5047619047619047	17
PAH	6	4.3974365429364827e-4	0.33333333333333337	5
BRF1	3	0.004740715493640702	0.3333333333333333	32
RDH12	1	0	0	68
DNM1L	7	0.0015861883361805028	0.4285714285714286	25
NPC2	1	0	0	137
ISCA2	7	1.2266375199994898e-4	0.6190476190476191	16
ITGA7	5	2.699473035363109e-4	0.6	1
VIPAS39	2	0	1	56
ETFA	6	0.0025802174194779564	0.13333333333333333	4
RFX7	1	0	0	86
ZEB2	2	0.0011525610765410906	0	105
ZNF423	1	0	0	2
PHKG2	3	0	1	99
PRRT2	6	6.128240784088724e-4	0.33333333333333337	1
STRA6	1	0	0	109
SZT2	5	0.003934929851948716	0.7	26
WWOX	2	6.018099489647505e-5	0	1
COX4I1	27	6.983588627008203e-5	0.8319088319088319	3
MAN2C1	1	0	0	93
CIC	1	0	0	81
C18ORF32	2	0	1	18
COASY	2	0	1	96
POLRMT	2	0.0011525610765410906	0	113
TRMT1	1	0	0	60
TNNT1	3	3.899672641718493e-5	0.3333333333333333	28
GFAP	5	0.0025613832689330746	0	1
ACP5	1	0	0	135
NUP62	16	8.096559268698429e-4	0.6416666666666667	10
SARS2	12	0.0016434339089188435	0.4090909090909091	6
TAF15	9	0.0013755979252690954	0.5277777777777778	2
HADH	4	5.808889137996109e-6	0.5	4
DUOX2	1	0	0	136
GAN	4	1.29012397233109e-4	0.5	66
GRIN2B	21	0.004477730019662865	0.3380952380952381	1
ELOVL1	1	0	0	85
KANK1	1	0	0	134
ATXN3	6	5.964086282464721e-4	0.4	1
RAB18	7	1.7006408090517792e-4	0.8095238095238094	5
DDX6	5	0.0012711826579683662	0.3	2
CBY1	3	0	1	1
CLTC	10	0.0012260407297162725	0.26666666666666666	15
ZMYM2	5	3.16959964744848e-4	0.6	1
POLR2A	33	0.018327445271897884	0.14015151515151514	2
IQSEC1	2	5.78195365634133e-5	0	1
SPAST	8	0.002321136885241413	0.21428571428571427	7
PLP1	1	0	0	84
VPS11	3	0	1	56
PRODH	3	0	1	69
RSRC1	2	0	1	18
KCNN3	2	1.5326610060386844e-6	0	51
GNB1	27	0.007463415731591672	0.18233618233618232	1
PCGF2	12	9.945810035685862e-4	0.4393939393939394	2
NEFL	8	0.0017674809544497418	0.21428571428571427	1
PIGW	1	0	0	11
TTC8	13	3.897632520644438e-4	0.858974358974359	21
ALG9	4	0	1	57
PEX12	17	3.529286399248811e-4	0.7573529411764706	13
NAPB	5	6.57877451623014e-6	0.7	5
ACD	3	4.671900894195575e-4	0.3333333333333333	2
ACACA	7	2.9950191910576755e-4	0.4285714285714286	4
TCTN3	7	0	1	17
GALE	4	6.757157769030112e-4	0.6666666666666666	36
CHD1	6	2.2334996588755849e-4	0.26666666666666666	2
IKBKG	8	0.0016390691305026648	0.07142857142857142	1
LIG4	12	0.003453085246605155	0.8333333333333333	2
NEB	7	0.0048628670172564895	0.19047619047619047	28
PMP22	5	0.0018129045900383454	0.4	45
WASHC4	1	0	0	133
ADSL	11	0.0033255463515839494	0.2545454545454545	9
